grid_scope,cutoff,treatment_year,candidate_cells,support_cells,successful_cells,positive_ci_cells,strong_positive_cells,median_tau,max_tau,max_robust_wald,max_effective_n
broad_atlas,ab,2007,230,93,93,0,0,-.0504994042087205,.1233219299802487,3.920481635197309,352
broad_atlas,ab,2008,230,117,117,0,0,.0493135022461754,.4720544496624889,4.693596466679225,795
broad_atlas,ab,2009,230,117,117,0,0,.0633109339158567,.4096233666109284,11.9789812532584,592
broad_atlas,ab,2010,230,117,117,0,0,-.0634950044307899,.3961343226886574,14.29007601114601,383
broad_atlas,ab,2011,230,117,117,1,0,-.0904223552773987,.4751998814393568,14.29008023062924,466
broad_atlas,ab,2012,230,117,117,0,0,-.0667758489052163,.3135656805485633,19.98410277510784,395
broad_atlas,ab,2013,230,117,117,0,0,-.2101190499575947,.204513036422767,37.35118022495647,352
broad_atlas,ab,2014,230,117,117,0,0,-.397342089494569,.1933235152096974,33.00838235655102,288
broad_atlas,ab,2015,230,117,117,0,0,-.3054785782275051,.1933235152096974,8.83572717694666,317
broad_atlas,ab,2016,230,117,117,1,0,-.2631847663583455,.3257697296429376,9.132097662980225,288
broad_atlas,ab,2017,230,117,115,0,0,-.1405642323051899,.3055500733218166,7.049680617357534,427
broad_atlas,ab,2018,230,117,117,0,0,-.0671970327320448,.27058299650379,7.105650614321435,681
broad_atlas,ab,2019,230,117,117,8,0,-.0365600895876512,.3472381134073552,16.55862815503508,710
broad_atlas,ab,2020,230,112,112,9,0,-.0130296812054498,.4949458105877595,18.35262483945903,570
broad_atlas,ab,2021,230,112,112,1,0,-.0301823988713706,.4949458105877595,18.07332670643224,562
broad_atlas,ab,2022,230,111,111,8,0,.0015635903783602,.4218943849949084,15.05288188370133,611
broad_atlas,ab,2023,230,111,111,4,0,.0006730588393029,.4261708546419054,18.62379439610011,639
broad_atlas,bc,2007,230,94,94,0,0,.0045903747475038,.1038747027682466,2.892708365562287,605
broad_atlas,bc,2008,230,113,113,1,0,.0020541373141923,.4645213712359195,5.254634271694103,551
broad_atlas,bc,2009,230,113,113,19,0,.0441256555900175,1.256146985763533,15.09104778178398,502
broad_atlas,bc,2010,230,115,115,20,4,.0129524211174902,1.492273816665602,28.54289363217451,722
broad_atlas,bc,2011,230,115,115,20,0,.0162565352084224,1.294578586849629,16.4259088020607,690
broad_atlas,bc,2012,230,115,115,20,6,.0508207192071924,1.284541278293091,44.48620520776744,707
broad_atlas,bc,2013,230,115,115,22,9,.0538639562714958,1.237099580443502,55.06342622164578,841
broad_atlas,bc,2014,230,115,115,22,9,.0878403690019256,1.315651277962124,55.06342622164578,836
broad_atlas,bc,2015,230,115,115,24,9,.1340418207158884,1.315651277962124,55.01089129136349,849
broad_atlas,bc,2016,230,115,115,25,9,.1543330208780226,1.339198239067216,56.21504691237615,852
broad_atlas,bc,2017,230,115,115,46,13,.3423105726351471,2.283557812299234,132.2675620252764,708
broad_atlas,bc,2018,230,115,115,43,0,.3086586992028438,1.689693330558887,18.59666969853863,826
broad_atlas,bc,2019,230,115,115,27,0,.1928047019335997,1.047333537035364,32.940891757599,502
broad_atlas,bc,2020,230,115,115,14,0,.0662717522226838,.8132108316868101,24.86372761412587,780
broad_atlas,bc,2021,230,115,115,12,0,.0516059325722151,.5921906451497054,26.00930112030779,762
broad_atlas,bc,2022,230,115,115,0,0,.0178967745228142,.6260413179487891,19.74704954919746,702
broad_atlas,bc,2023,230,115,115,0,0,.0401599695359545,.4859080276772545,45.44767887580136,667
broad_atlas,cd,2007,230,45,45,1,0,.0537517913219207,.134414012248004,3.998322164103802,768
broad_atlas,cd,2008,230,105,105,1,0,-.0365741270344551,1.280334811647837,16.2323446553454,489
broad_atlas,cd,2009,230,113,113,0,0,-.039776672115047,1.033979665765404,7.301673024319057,469
broad_atlas,cd,2010,230,115,115,8,7,-.0013678375939287,1.401015752013117,55.26839396160899,532
broad_atlas,cd,2011,230,118,118,8,7,.0093374715029965,1.401015752013117,55.26839396160899,517
broad_atlas,cd,2012,230,121,121,8,7,.0017639304716904,1.398753908735055,55.19883571884409,517
broad_atlas,cd,2013,230,121,121,9,7,.0197099244319286,1.404021502673883,55.82397042020292,502
broad_atlas,cd,2014,230,121,121,9,7,.0412005905620793,1.387026391419978,54.31406833189335,513
broad_atlas,cd,2015,230,121,121,9,7,.0412005905620793,1.387026391419978,54.31406833189335,513
broad_atlas,cd,2016,230,121,121,9,7,.0429183031357702,1.387026391419978,54.31406833189335,513
broad_atlas,cd,2017,230,121,120,9,7,.0359897696417595,1.387026391419978,54.31406833189335,513
broad_atlas,cd,2018,230,121,120,9,7,.0361630588572888,1.387522442645531,54.4108495854324,513
broad_atlas,cd,2019,230,124,123,8,0,.0410768235745187,1.286667692831496,35.05220314922035,429
broad_atlas,cd,2020,230,128,127,12,0,.0811180391612614,.7465699403996746,13.12812089013487,462
broad_atlas,cd,2021,230,128,128,7,0,.1092559745206611,.8123608145787665,9.589852242319477,398
broad_atlas,cd,2022,230,128,128,12,0,.035466252972129,.8528248499763331,11.44700025387023,395
broad_atlas,cd,2023,230,128,127,11,0,.0125070879384923,.8528248499763331,48.59914670185277,484
broad_atlas,de,2007,230,0,0,0,0,,,,
broad_atlas,de,2008,230,29,29,0,0,0,.0002705576316407,2.19717462673198,277
broad_atlas,de,2009,230,81,81,0,0,-.0767049596635149,0,8.867266324245414,430
broad_atlas,de,2010,230,91,91,0,0,-.0530332683902369,.0232724591954009,6.136896094902312,421
broad_atlas,de,2011,230,91,87,0,0,-.0713908343427228,.0772212125613466,4.822434283901616,370
broad_atlas,de,2012,230,91,84,0,0,-.0713492440035227,.0546558991929265,5.782259858809335,252
broad_atlas,de,2013,230,91,91,0,0,-.0689873791890245,.0546558991929265,3.787194937997043,316
broad_atlas,de,2014,230,91,89,0,0,-.0662219558870162,.0560854933925846,5.17075204790012,250
broad_atlas,de,2015,230,91,89,0,0,-.0662219558870162,.0560854933925846,5.17075204790012,250
broad_atlas,de,2016,230,91,89,0,0,-.0662219558870162,.0560854933925846,5.17075204790012,250
broad_atlas,de,2017,230,91,89,0,0,-.0662219558870162,.0560854933925846,5.17075204790012,250
broad_atlas,de,2018,230,91,89,0,0,-.0662219558870162,.0560854933925846,5.17075204790012,250
broad_atlas,de,2019,230,91,91,0,0,-.0707841197539625,.0560854933925846,5.125745361066097,250
broad_atlas,de,2020,230,91,91,0,0,-.0694632153627507,.0722103394658996,5.464362671619179,370
broad_atlas,de,2021,230,91,91,0,0,-.0373821817947538,.5742944524021568,3.096487273141542,350
broad_atlas,de,2022,230,123,113,2,0,-.1549365698937053,1.270574015382992,5.240283769968979,404
broad_atlas,de,2023,230,124,110,0,0,.0253102480943809,.8461933163495683,5.989693667582427,348
dept_subset,ab,2007,127,126,126,0,0,-.0493653586220553,.0997625956375042,2.026391913880659,306
dept_subset,ab,2008,127,127,127,0,0,.0786765806385451,.4626436611767796,3.805803577291063,613
dept_subset,ab,2009,127,127,127,0,0,.068892207729615,.2927492618487093,2.092720458143592,441
dept_subset,ab,2010,127,127,127,0,0,-.0564747650517531,.1882590303089779,7.092323006115553,393
dept_subset,ab,2011,127,127,127,0,0,-.0666499538850419,.1523433071315184,4.656204044704468,423
dept_subset,ab,2012,127,127,127,0,0,-.0386198265353171,.1658103678545995,3.096601008645611,404
dept_subset,ab,2013,127,127,127,0,0,-.1321091786468573,.1708829983916323,9.553154759728724,352
dept_subset,ab,2014,127,127,127,0,0,-.3069441729713869,.1594181716475397,9.841707899812349,270
dept_subset,ab,2015,127,127,127,0,0,-.2455385863270387,.1594181716475397,6.658708196577994,282
dept_subset,ab,2016,127,127,127,0,0,-.2224795098726899,.2991552518878722,9.132097662980225,293
dept_subset,ab,2017,127,127,127,0,0,-.1747725160654279,.1855050032953489,6.403046591002546,331
dept_subset,ab,2018,127,127,127,0,0,-.0632613764724159,.1814794246387654,2.664940878024377,522
dept_subset,ab,2019,127,127,127,2,0,.0132714770889268,.3371589235842412,6.556527969164224,612
dept_subset,ab,2020,127,126,126,7,0,.0506324389644993,.3811796610884923,6.921414344698131,556
dept_subset,ab,2021,127,126,126,1,0,.0294351348818469,.2868662631681571,4.803137569849483,570
dept_subset,ab,2022,127,126,126,9,0,.0451381629271031,.2798830548885329,8.66357146398974,535
dept_subset,ab,2023,127,126,126,4,0,.0315196973174865,.2798843659732937,7.136864751742514,558
dept_subset,bc,2007,127,125,125,0,0,.009434528682981,.103000247449997,3.734509227725495,487
dept_subset,bc,2008,127,126,126,0,0,-.0033336923820465,.3960874190788202,3.481791306223926,417
dept_subset,bc,2009,127,126,126,9,0,.0064982278069953,1.22373012605681,14.56243711954557,417
dept_subset,bc,2010,127,126,126,12,1,-.0071601864028013,1.396367802431597,21.4100650687322,501
dept_subset,bc,2011,127,126,126,9,0,-.0047325046654622,1.255084656477447,13.84119370806593,567
dept_subset,bc,2012,127,126,126,17,3,.045970676761602,1.255181283884758,44.48620520776744,564
dept_subset,bc,2013,127,126,126,22,7,.0909250815582483,1.217489482915283,66.17663106433275,646
dept_subset,bc,2014,127,126,126,22,7,.0902958664083679,1.278219070290808,67.43439466067184,638
dept_subset,bc,2015,127,126,126,26,7,.1218669616715286,1.278219070290808,67.42702053057941,648
dept_subset,bc,2016,127,126,126,31,7,.1508211562292006,1.279397672054539,67.27177310005793,646
dept_subset,bc,2017,127,126,126,68,12,.3251059658644955,1.141475374877843,132.1825028795796,574
dept_subset,bc,2018,127,126,126,61,1,.2937928506423559,.8481737908732313,22.41374355913065,539
dept_subset,bc,2019,127,126,126,51,0,.2323484099714078,.8679361351079236,15.46762634932161,519
dept_subset,bc,2020,127,126,126,17,0,.1119604064174079,.6561688541620339,7.242155459063548,547
dept_subset,bc,2021,127,126,126,12,0,.106548541434462,.5760327224148192,6.308998551168392,491
dept_subset,bc,2022,127,126,126,0,0,.0092562042865896,.3220742742973934,2.572447367203052,555
dept_subset,bc,2023,127,126,126,0,0,.0315719219401844,.3004764120722796,2.569276321843075,573
dept_subset,cd,2007,127,96,96,6,0,.0660928479149439,.1333454267771561,4.064371473999379,546
dept_subset,cd,2008,127,126,126,0,0,-.081533438115389,.0792444253008973,5.335342595350987,432
dept_subset,cd,2009,127,126,126,0,0,-.1103332498089906,.0909546447258955,7.301673024319057,336
dept_subset,cd,2010,127,126,126,0,0,-.0670781219905211,.0512982863685231,3.596690953329825,403
dept_subset,cd,2011,127,126,126,0,0,-.0541529841079115,.0926470767696501,3.465249294563318,364
dept_subset,cd,2012,127,126,126,0,0,-.069675295388632,.1255635824736815,5.055771941487339,362
dept_subset,cd,2013,127,126,126,0,0,-.0357409838876401,.3471834131050779,5.843259766321593,369
dept_subset,cd,2014,127,126,126,0,0,-.0084734150205342,.3471834131050779,5.72662169808329,384
dept_subset,cd,2015,127,126,126,0,0,-.0084734150205342,.3471834131050779,5.72662169808329,384
dept_subset,cd,2016,127,126,126,0,0,-.0067695744353882,.3471834131050779,5.72662169808329,384
dept_subset,cd,2017,127,126,126,0,0,-.0067695744353882,.3471998045553,5.72662169808329,384
dept_subset,cd,2018,127,126,126,0,0,-.0067710431253846,.3470624822133542,5.709419432581004,371
dept_subset,cd,2019,127,126,126,2,0,-.0118101928448304,.5301956337464313,10.98111005779687,312
dept_subset,cd,2020,127,126,126,19,0,.1064249026659249,.6416524722525229,11.09241932463248,401
dept_subset,cd,2021,127,126,126,11,0,.1218210689165377,.4814212479913715,7.047325826168482,340
dept_subset,cd,2022,127,126,126,32,0,.1235779275732661,.5079477989992864,8.795226469948862,422
dept_subset,cd,2023,127,126,126,28,0,.0784586731781387,.5957004592333592,8.434691732218143,522
dept_subset,de,2007,127,0,0,0,0,,,,
dept_subset,de,2008,127,64,64,0,0,0,0,2.19717462673198,212
dept_subset,de,2009,127,124,124,0,0,-.0997319651001294,0,8.867266324245414,465
dept_subset,de,2010,127,126,126,0,0,-.0903293684174289,.0194473142590354,4.929804752841554,254
dept_subset,de,2011,127,126,124,0,0,-.0864889891911703,.0772212125613466,5.371617723621455,311
dept_subset,de,2012,127,126,124,0,0,-.0916119947905286,.0392441213490202,6.475287775415159,311
dept_subset,de,2013,127,126,125,0,0,-.0767545955278602,.0392441213490202,4.264908548113268,226
dept_subset,de,2014,127,126,123,0,0,-.0651118990762662,.0410627126563131,5.211995693631253,226
dept_subset,de,2015,127,126,123,0,0,-.0651118990762662,.0410627126563131,5.211995693631253,226
dept_subset,de,2016,127,126,123,0,0,-.0651118990762662,.0410627126563131,5.211995693631253,226
dept_subset,de,2017,127,126,123,0,0,-.0651118990762662,.0410627126563131,5.211995693631253,226
dept_subset,de,2018,127,126,123,0,0,-.0651118990762662,.0410627126563131,5.211995693631253,226
dept_subset,de,2019,127,126,124,0,0,-.0722489328224061,.0410627126563131,5.211995693631253,226
dept_subset,de,2020,127,126,126,0,0,-.0603332257069518,.0772382320797674,5.803529821836703,288
dept_subset,de,2021,127,126,126,0,0,-.0433520382185102,.1078956120528434,2.952014872526437,227
dept_subset,de,2022,127,126,113,2,0,-.1085668236000752,1.270574015382992,4.216884730288464,283
dept_subset,de,2023,127,126,111,0,0,.0814765208316892,1.779999999999998,2.175848902528409,227
prov_subset,ab,2007,1023,992,992,9,0,-.1611271846361584,.1217097474717403,8.00996637281678,180
prov_subset,ab,2008,1023,994,994,102,0,.1528397839110154,.6018085970246558,13.16852290567639,289
prov_subset,ab,2009,1023,994,994,42,0,.1900978581510917,.6940764435565246,17.14477229259372,258
prov_subset,ab,2010,1023,994,994,10,0,-.0470071406255112,.519412053136473,15.24184653211443,193
prov_subset,ab,2011,1023,994,994,2,0,-.1375807637129271,.4738663511172763,26.06385031681841,185
prov_subset,ab,2012,1023,994,994,0,0,-.1130261806612005,.4726915704880668,24.49747785844565,171
prov_subset,ab,2013,1023,994,994,0,0,-.1131550232507743,.7002430113394942,45.80683612234263,171
prov_subset,ab,2014,1023,994,994,0,0,-.1869010479388807,.6266536210867502,44.12268193031832,138
prov_subset,ab,2015,1023,994,994,1,0,-.1865911630942451,.6266536210867502,44.87213612093935,138
prov_subset,ab,2016,1023,994,994,3,0,-.1689652616418977,.6268095263180875,13.40293762909822,134
prov_subset,ab,2017,1023,994,994,18,0,-.1403244122210002,.9835139649115923,372.6322073311287,144
prov_subset,ab,2018,1023,994,994,23,0,-.0417023682485714,.9306957398117159,372.6322073311287,156
prov_subset,ab,2019,1023,994,994,36,0,.0058417630802622,.6095473432242415,223.5975371931387,220
prov_subset,ab,2020,1023,994,994,34,0,.006545430939233,.6100375563520868,296.5432684962865,230
prov_subset,ab,2021,1023,994,994,23,0,-.0165271120071179,.6098386014422101,296.5432684962865,247
prov_subset,ab,2022,1023,990,990,50,0,.0338289826161731,.6367667527478829,7.143713820700662,242
prov_subset,ab,2023,1023,990,990,17,0,.014823265720692,.6953887812111459,10.22441058054905,267
prov_subset,bc,2007,1023,1009,1007,0,0,-.0502200216741505,4.13336968146973,2.938707835466544,237
prov_subset,bc,2008,1023,1011,1009,14,2,-.0780573599609707,2.54970409074101,50.4078421680562,237
prov_subset,bc,2009,1023,1011,1009,19,6,-.1020867336818696,2.267870652716073,32.07372837626642,122
prov_subset,bc,2010,1023,1011,1010,18,9,-.1468958052554671,7.521138625830798,28.99009692566295,117
prov_subset,bc,2011,1023,1011,1009,16,0,-.0990076498471609,2.213454072906873,39.86560807617638,119
prov_subset,bc,2012,1023,1011,1007,8,0,-.0794012092940554,4.857140828256715,36.98328504247154,119
prov_subset,bc,2013,1023,1011,1007,8,0,-.0022544943089701,4.845615310510462,47.10382520579015,120
prov_subset,bc,2014,1023,1011,1007,9,0,-.0013587682454649,4.845612357859673,47.10382520579015,120
prov_subset,bc,2015,1023,1011,1007,9,0,-.0019394957917619,4.850590678669096,47.10382520579015,120
prov_subset,bc,2016,1023,1011,1009,50,0,.0649167119124093,4.850606834710557,47.10382520579015,120
prov_subset,bc,2017,1023,1010,1008,329,9,.3655189127234722,5.915064740247855,27.32705967635335,153
prov_subset,bc,2018,1023,1010,1008,341,26,.3604833602819211,1.98438985070871,34.08448612208208,179
prov_subset,bc,2019,1023,1010,1009,6,1,-.0047489324272885,9.550000000000068,26.99686672459537,75
prov_subset,bc,2020,1023,1009,1008,2,0,.0460280249581425,9.550000000000182,15.1670488420863,96
prov_subset,bc,2021,1023,1009,1009,2,0,.0397326281165384,9.550000000000411,10.4691203459511,89
prov_subset,bc,2022,1023,1006,1000,1,0,-.0805477485178964,1.165253972880075,11.45984228627254,108
prov_subset,bc,2023,1023,1006,1002,1,0,-.05009049188695,1.036647169727941,11.45984228627254,112
prov_subset,cd,2007,1023,765,765,0,0,-.09782675735978,.0556852941272621,2.364881340032723,109
prov_subset,cd,2008,1023,996,996,4,0,-.1188004907653321,.3787488132251143,51.53825730822424,169
prov_subset,cd,2009,1023,1005,1005,1,0,-.3012953664955141,3.573561412953129,78.42647663006071,142
prov_subset,cd,2010,1023,1005,1002,3,0,-.3086623298466249,.9634214006676256,106.0181607816937,153
prov_subset,cd,2011,1023,1005,1004,4,0,-.2668338705016007,2.242403234893072,94.84658717008962,148
prov_subset,cd,2012,1023,1005,1003,4,0,-.2521180347750874,.8327327745013808,93.57757472298063,155
prov_subset,cd,2013,1023,1005,1003,4,0,-.2530020508026472,.8327327745013808,93.57757472298063,155
prov_subset,cd,2014,1023,1005,1003,4,0,-.2530769249213698,.8327327745013808,93.57757472298063,155
prov_subset,cd,2015,1023,1005,1003,4,0,-.2530769249213698,.8327327745013808,93.57757472298063,155
prov_subset,cd,2016,1023,1005,1003,4,0,-.2530769249213698,.8327327745013808,93.57757472298063,155
prov_subset,cd,2017,1023,1005,1003,4,0,-.2530769249213698,.8327327745013808,93.57757472298063,155
prov_subset,cd,2018,1023,1005,1003,4,0,-.2537118879737639,.8327344147968065,93.06821013585962,155
prov_subset,cd,2019,1023,1005,1005,63,0,.1542579452196491,3.122685394208021,65.95744650201425,157
prov_subset,cd,2020,1023,1004,1004,281,3,.3323204920944781,3.433046306367928,89.30077878695633,114
prov_subset,cd,2021,1023,1004,1004,124,0,.1875932804973424,2.440831674447299,32.32940239800315,125
prov_subset,cd,2022,1023,1004,1002,82,0,.1140532557220323,.8631758559990699,143.1290083585174,143
prov_subset,cd,2023,1023,1004,1001,145,0,.1143071199082839,.892512138358001,509.2836598781411,132
prov_subset,de,2007,1023,0,0,0,0,,,,
prov_subset,de,2008,1023,0,0,0,0,,,,
prov_subset,de,2009,1023,734,730,0,0,-.1295581136778954,0,5.786421477560904,265
prov_subset,de,2010,1023,858,855,0,0,-.1342122877392195,.0225327014219727,3.419895457535275,192
prov_subset,de,2011,1023,938,794,0,0,-.0902174703898173,.3059178504258236,4.159794349332645,149
prov_subset,de,2012,1023,938,823,0,0,-.1220187964744628,.3059178504258236,4.271651103601796,157
prov_subset,de,2013,1023,938,823,0,0,-.1220187964744628,.3059178504258236,4.271651103601796,157
prov_subset,de,2014,1023,938,823,0,0,-.1220187964744628,.3059178504258236,4.271651103601796,157
prov_subset,de,2015,1023,938,823,0,0,-.1220187964744628,.3059178504258236,4.271651103601796,157
prov_subset,de,2016,1023,938,823,0,0,-.1220187964744628,.3059178504258236,4.271651103601796,157
prov_subset,de,2017,1023,938,823,0,0,-.1220187964744628,.3059178504258236,4.271651103601796,157
prov_subset,de,2018,1023,938,823,0,0,-.1220187964744628,.3059178504258236,4.271651103601796,157
prov_subset,de,2019,1023,938,823,0,0,-.1218772206101246,.3059178504258236,4.656852708055026,157
prov_subset,de,2020,1023,938,834,0,0,-.1235361135262359,.3026395739996125,3.254996068403808,142
prov_subset,de,2021,1023,938,837,0,0,-.227264640405079,.1496666250334775,5.366774723636514,87
prov_subset,de,2022,1023,953,912,12,0,.0148587794979613,2.118289345690227,13.65795264609027,97
prov_subset,de,2023,1023,957,927,31,0,.3319071275513676,2.63333333333331,11.51512904022585,88
