"relative_path","classification","sha256","bytes","lines","active_lines","use_commands","save_commands","merge_commands","reclink_commands","rdrobust_commands","rddensity_commands","rdplot_commands","putexcel_commands","graph_export_commands","absolute_path_lines","raw_reference_lines","masspoints_off_lines","set_seed_commands","validation_commands"
"0h. clean_censo2017.do","auxiliary or uncategorized","43fc66f717a0747a031127fc69a635976a5b06da44241815c5e41d054ad43b24","7607","221","123","3","0","0","0","0","0","0","0","0","1","0","0","0","0"
"0i. clean_testimonios.do","auxiliary or uncategorized","35808f036b5582909a0d688f3dbe41f00a177608ada48242861d6b07a8da1335","12841","251","178","2","0","1","0","0","0","0","0","0","1","2","0","1","0"
"1 HVC - APU\4. RD estimations - Sisfoh 2013 - CCPP level.do","regional specification archive","20ff0a2e4e1fb1e1eb7b427a575a87a1898ac45f097b718d856e4fa433f34daa","17437","456","293","1","0","0","0","7","0","0","27","0","1","0","0","0","0"
"1 HVC - APU\4a. RD estimations - Sisfoh 2013 - CCPP level - Population cut.do","regional specification archive","2d18e70c8d0a50bf842ee584429618deac8f49c9e240b698dc55640db9077e16","30535","802","518","2","0","0","0","12","0","0","46","0","1","0","0","0","0"
"1 HVC - APU\4b. RD estimations - Sisfoh 2013 - CCPP level - Poverty 2007.do","regional specification archive","b1f06abc9ceed730074923c0c56076fdc48475640d48c15dc9b4b75aa6d85c41","30221","799","516","2","0","0","0","12","0","0","46","0","1","0","0","0","0"
"1 HVC - APU\5. RD estimations - Sisfoh 2013 - Household level.do","regional specification archive","4707de9de26371600f063a6daf14765ec2bdd52d48369921c2e672f46bb8253f","17749","477","308","1","0","0","0","8","0","0","29","0","1","0","0","0","0"
"1 HVC - APU\5a. RD estimations - Sisfoh 2013 - Household level - Population cut.do","regional specification archive","7046255205d5cd0568fadab092a145de7b57ab85e1174bfc8e1b3f367e77710a","29105","776","312","2","0","0","0","6","0","0","28","0","1","0","0","0","0"
"1 HVC - APU\5b. RD estimations - Sisfoh 2013 - Household level - Poverty 2007.do","regional specification archive","5537db5e1cc8d144e2b1ca00e9cfb30e212e0d07813fd43c47280f36e788e279","29079","773","312","2","0","0","0","6","0","0","28","0","1","0","0","0","0"
"1 HVC - APU\6. RD estimations - Sisfoh 2013 - Individual level.do","regional specification archive","fcd6ba14389729652920b936d6a2c710fb4a1d9f68b0a1a3a29be67ca3781a32","15024","421","256","1","0","0","0","7","0","0","27","0","1","0","0","0","0"
"1 HVC - APU\6a. RD estimations - Sisfoh 2013 - Individual level - Sex.do","regional specification archive","c9be249906755e4f2754f59b9f958890d2aaea31204766cc99d3ce5c601ef780","23039","651","377","2","0","0","0","10","0","0","40","0","1","0","0","0","0"
"1 HVC - APU\6b. RD estimations - Sisfoh 2013 - Individual level - Population cut.do","regional specification archive","37e62988716823e6c788671ccb9793f516f5420e0bfe4c74223a192a96806920","25971","727","264","2","0","0","0","6","0","0","28","0","1","0","0","0","0"
"1 HVC - APU\6c. RD estimations - Sisfoh 2013 - Individual level - Poverty 2007.do","regional specification archive","97ade957a3409fa0daa68fd232f69ad97ecd12f7518245852d7e3edfa3ff337a","25944","726","262","2","0","0","0","6","0","0","28","0","1","0","0","0","0"
"2 HVC - APU - LC - HCY\3. RD estimations - District level.do","regional specification archive","989a274775381b5453a5b198b8c481692de2f6542163514773574f3fa723d309","13044","334","258","2","0","0","0","0","0","0","24","0","1","0","0","0","0"
"2 HVC - APU - LC - HCY\4. RD estimations - Sisfoh 2013 - CCPP level.do","regional specification archive","1ede0f66b3363f6f298aadd8c6c0ba3fb8f7c19328f08acef55a187e1b7c0ee4","27761","693","528","3","0","0","0","10","0","0","42","0","0","0","0","0","0"
"2 HVC - APU - LC - HCY\4a. RD estimations - Sisfoh 2013 - CCPP level - Population.do","regional specification archive","ac3d458714023a463120d3da7741d71601492f7a3b45b9f6ccb4255280cc5915","25023","607","479","2","0","0","0","10","0","0","38","0","1","0","0","0","0"
"2 HVC - APU - LC - HCY\4b. RD estimations - Sisfoh 2013 - CCPP level - Poverty.do","regional specification archive","c4a0da3fb58fb859361c3a67a74dfd7904f3c1c1f96635b16462d7b14f6e038d","25233","613","482","2","0","0","0","10","0","0","38","0","1","0","0","0","0"
"2 HVC - APU - LC - HCY\5. RD estimations - Sisfoh 2013 - Household level.do","regional specification archive","c4a52e642ae58e8e4c89d286f360997375b3f421adc5c78554a7e40b899b42f3","13724","358","259","1","0","0","0","5","0","0","23","0","1","0","0","0","0"
"2 HVC - APU - LC - HCY\5a. RD estimations - Sisfoh 2013 - Household level - Population.do","regional specification archive","1d4375a3c20a9c2d96fc5ee889f866406be3be40f1b5c4bda89f2e01b60abada","22002","568","438","2","0","0","0","10","0","0","38","0","1","0","0","0","0"
"2 HVC - APU - LC - HCY\5b. RD estimations - Sisfoh 2013 - Household level - Poverty.do","regional specification archive","494fc27974bc19d3496d6782c12c7c4a8d03a476f5d9407ffcafbd38ebb93914","22265","571","441","3","0","0","0","10","0","0","38","0","1","0","0","0","0"
"2 HVC - APU - LC - HCY\6. RD estimations - Sisfoh 2013 - Individual level.do","regional specification archive","2091e5a5e582ccdde05f0172a49442175f06a40c72448767ec51b041282001cf","12702","345","237","1","0","0","0","5","0","0","23","0","1","0","0","0","0"
"2 HVC - APU - LC - HCY\6a. RD estimations - Sisfoh 2013 - Individual level - Sex interaction.do","regional specification archive","dc3afe81715a9b64e5ec5cf5ce0cb71a93342cca70188691e09341d555b4774e","19318","528","395","2","0","0","0","10","0","0","38","0","1","0","0","0","0"
"2 HVC - APU - LC - HCY\6b. RD estimations - Sisfoh 2013 - Individual level - Population.do","regional specification archive","9b340f7b1812b10ac215efa164848957bf781193eb29530cae34160e73c3185d","19589","532","397","2","0","0","0","10","0","0","38","0","1","0","0","0","0"
"2 HVC - APU - LC - HCY\6c. RD estimations - Sisfoh 2013 - Individual level - Poverty.do","regional specification archive","60c4d6810645cf357828301167ca9e076bacc3fe0b8fda89f0cbd49aa8772924","19577","532","397","2","0","0","0","10","0","0","38","0","1","0","0","0","0"
"2 HVC - APU - LC - HCY\6d. RD estimations - Sisfoh 2013 - Individual level - No Caps.do","regional specification archive","91f20c2902113b7468d1dbe62ddae5617ff97750f494be9f3b6e129b6c14f82e","12965","348","237","1","0","0","0","5","0","0","23","0","0","0","0","0","0"
"2 HVC - APU - LC - HCY\7. RD estimations - Censo 2017 - CCPP level.do","regional specification archive","c3683cce4961bbe923c97c9991ce15821841a2423cd59ef626421e6ffd0c62bb","31317","740","582","1","0","0","0","10","0","0","46","0","1","0","0","0","0"
"2 HVC - APU - LC - HCY\7a. RD estimations - Censo 2017 - CCPP level - Population.do","regional specification archive","d93f543fff5a410464c81ee1e0b1e123fa71fd95394c4c4d04fcfa0243bdb88f","59867","1412","1157","4","0","0","0","20","0","0","92","0","1","0","0","0","0"
"2 HVC - APU - LC - HCY\8. RD estimations - Censo 2017 - Household level.do","regional specification archive","d5c3613465c234f3fa6076e14d9989b9af2a5b8be2678d1ca4df19a1e44d60ca","16154","404","291","1","0","0","0","5","0","0","23","0","1","0","0","0","0"
"2 HVC - APU - LC - HCY\9. RD estimations - Censo 2017 - Individual level.do","regional specification archive","23d9156a83606161d95304fee1a1654cc3e460b420b7b299bfd96349e1aed49e","14759","381","254","1","0","0","0","5","0","0","23","0","1","0","0","0","0"
"2 HVC - APU - LC - HCY\SAT\4. RD estimations - Sisfoh 2013 - CCPP level.do","SAT branch","1bec2759a19d635835734c76bf9fa9ab93230c90eb1019606877e016dfebc78c","29432","732","494","2","0","0","0","10","0","0","42","0","1","0","0","0","0"
"2 HVC - APU - LC - HCY\SAT\5. RD estimations - Sisfoh 2013 - Household level.do","SAT branch","22851ecc8acbfb88d371a9dbc943b989a21b3d7f2558a61a910557d0ce55c543","13909","363","260","1","0","0","0","5","0","0","23","0","1","0","0","0","0"
"2 HVC - APU - LC - HCY\SAT\6. RD estimations - Sisfoh 2013 - Individual level.do","SAT branch","0a6fa5091c3541654cebc2e99d60651bcc7828beb1b099c34b57c691a6fc051a","12889","350","238","1","0","0","0","5","0","0","23","0","1","0","0","0","0"
"2 HVC - APU - LC - HCY\SAT\7. RD estimations - Censo 2017 - CCPP level.do","SAT branch","d834c6252a5ab4e42b98c8cddfecf92eadac1e1443c694e06e3f1b4c5958d13f","32034","751","585","1","0","0","0","10","0","0","46","0","0","0","0","0","0"
"2 HVC - APU - LC - HCY\SAT\8. RD estimations - Censo 2017 - Household level.do","SAT branch","46ec5773af72606f2fb8b8508ad70e2d45adff7afc9c33d0dde55347130cd322","16663","408","294","1","0","0","0","5","0","0","23","0","0","0","0","0","0"
"2 HVC - APU - LC - HCY\SAT\9. RD estimations - Censo 2017 - Individual level.do","SAT branch","a0e0fde5198ecb240565d1e098afafb56afe3090e0960b19ea385f3ad911f969","14987","387","242","1","0","0","0","5","0","0","23","0","0","0","0","0","0"
"2 HVC - APU - LC - HCY\SAT\X. Attrition Analysis - 2007 - 2013 - 2017.do","SAT branch","3be9ea1ae005bbe27df206467debb92c8ee0b5ebde8c87cd0665c57e250827fa","10785","173","114","1","0","0","0","0","0","0","0","0","1","0","0","0","0"
"2 HVC - APU - LC - HCY\SAT\XXXXXXX - check 9. RD estimations - Censo 2017 - Individual level.do","SAT branch","a0e0fde5198ecb240565d1e098afafb56afe3090e0960b19ea385f3ad911f969","14987","387","242","1","0","0","0","5","0","0","23","0","0","0","0","0","0"
"2 HVC - APU - LC - HCY\X. Attrition Analysis - 2007 - 2013 - 2017.do","regional specification archive","3be9ea1ae005bbe27df206467debb92c8ee0b5ebde8c87cd0665c57e250827fa","10785","173","114","1","0","0","0","0","0","0","0","0","1","0","0","0","0"
"3 HVC - APU - LC - HCY - SM\4. RD estimations - Sisfoh 2013 - CCPP level.do","regional specification archive","065b84968383d32ad300b665d2fecf972b6e1b1102a1b1071ef2e2d96daab8ba","16676","422","266","1","0","0","0","6","0","0","23","0","1","0","0","0","0"
"3 HVC - APU - LC - HCY - SM\4a. RD estimations - Sisfoh 2013 - CCPP level - Population cut.do","regional specification archive","2d18e70c8d0a50bf842ee584429618deac8f49c9e240b698dc55640db9077e16","30535","802","518","2","0","0","0","12","0","0","46","0","1","0","0","0","0"
"3 HVC - APU - LC - HCY - SM\4b. RD estimations - Sisfoh 2013 - CCPP level - Poverty 2007.do","regional specification archive","b1f06abc9ceed730074923c0c56076fdc48475640d48c15dc9b4b75aa6d85c41","30221","799","516","2","0","0","0","12","0","0","46","0","1","0","0","0","0"
"3 HVC - APU - LC - HCY - SM\5. RD estimations - Sisfoh 2013 - Household level.do","regional specification archive","1938ef14e39702b903950c21690a73615ead0836980e70c48acbe9f6120ecfb8","15836","413","253","1","0","0","0","6","0","0","23","0","1","0","0","0","0"
"3 HVC - APU - LC - HCY - SM\5a. RD estimations - Sisfoh 2013 - Household level - Population cut.do","regional specification archive","7046255205d5cd0568fadab092a145de7b57ab85e1174bfc8e1b3f367e77710a","29105","776","312","2","0","0","0","6","0","0","28","0","1","0","0","0","0"
"3 HVC - APU - LC - HCY - SM\5b. RD estimations - Sisfoh 2013 - Household level - Poverty 2007.do","regional specification archive","5537db5e1cc8d144e2b1ca00e9cfb30e212e0d07813fd43c47280f36e788e279","29079","773","312","2","0","0","0","6","0","0","28","0","1","0","0","0","0"
"3 HVC - APU - LC - HCY - SM\6. RD estimations - Sisfoh 2013 - Individual level.do","regional specification archive","e8baeb0753c7f4a6bd204529f6d0a61b2de00273d69deebe4ebc059d8d016c5b","14265","386","228","1","0","0","0","6","0","0","23","0","1","0","0","0","0"
"3 HVC - APU - LC - HCY - SM\6a. RD estimations - Sisfoh 2013 - Individual level - Sex.do","regional specification archive","c9be249906755e4f2754f59b9f958890d2aaea31204766cc99d3ce5c601ef780","23039","651","377","2","0","0","0","10","0","0","40","0","1","0","0","0","0"
"3 HVC - APU - LC - HCY - SM\6b. RD estimations - Sisfoh 2013 - Individual level - Population cut.do","regional specification archive","37e62988716823e6c788671ccb9793f516f5420e0bfe4c74223a192a96806920","25971","727","264","2","0","0","0","6","0","0","28","0","1","0","0","0","0"
"3 HVC - APU - LC - HCY - SM\6c. RD estimations - Sisfoh 2013 - Individual level - Poverty 2007.do","regional specification archive","97ade957a3409fa0daa68fd232f69ad97ecd12f7518245852d7e3edfa3ff337a","25944","726","262","2","0","0","0","6","0","0","28","0","1","0","0","0","0"
"3 HVC - APU - LC - HCY - SM\SAT\4. RD estimations - Sisfoh 2013 - CCPP level.do","SAT branch","f6a54363b6553169be0bfaba6ab727314b9e67ee10dbdbb2b04835d2dccb87bb","16859","427","269","1","0","0","0","6","0","0","23","0","1","0","0","0","0"
"3 HVC - APU - LC - HCY - SM\SAT\5. RD estimations - Sisfoh 2013 - Household level.do","SAT branch","e6c2c70c2fb5a33b87cd7aa5926891c4ac78852a462201cb5a253f646ab6fd90","16019","418","256","1","0","0","0","6","0","0","23","0","1","0","0","0","0"
"3 HVC - APU - LC - HCY - SM\SAT\6. RD estimations - Sisfoh 2013 - Individual level.do","SAT branch","597928b4834ecef11c359bc19ab14fb51a69444d944c93061539be7a7ae19de2","14447","391","231","1","0","0","0","6","0","0","23","0","1","0","0","0","0"
"4 Working paper\0 RD Victimas - Master.do","working-paper pipeline","6853587b79f81c0ea1ee1666aa10bc8eacc425f5f8e4a0542c972b0430e10b10","2424","74","23","0","0","0","0","0","0","0","0","0","2","0","0","0","0"
"4 Working paper\0a. clean_censo2007.do","working-paper pipeline","f7aef153f57182d9258bf50709e8375a55a7426cbd65db6fad1a1a4178d04874","24255","574","416","1","1","0","0","0","0","0","0","0","0","1","0","0","0"
"4 Working paper\0b. clean_sisfoh2013.do","working-paper pipeline","e762f421609fb781a169c7ddba7946dcac50d71451fb30254915a7a828e1052c","113774","2108","1667","6","7","2","0","0","0","0","0","0","0","2","0","0","0"
"4 Working paper\0c. clean_endes2017.do","working-paper pipeline","f2892c73eb76af70c750d02c531002757fb9171303c9d4ec1d75a82ac561d905","11873","303","117","11","13","8","0","0","0","0","0","0","0","29","0","0","0"
"4 Working paper\0d. clean_minedu.do","working-paper pipeline","fc14d7eae8b43035a7e1031f42440c387a61008aefa55d11607b48571f690b6e","46888","1137","836","36","37","17","2","0","0","0","0","0","0","87","0","0","0"
"4 Working paper\0e. clean_cenagro2012.do","working-paper pipeline","962e6732ff350c0884098da3dc96c47494bcd1b3e8ff91b3f34115eda06672aa","87689","2135","1593","36","36","25","0","0","0","0","0","0","2","94","0","0","0"
"4 Working paper\0f. clean_minsa.do","working-paper pipeline","b79c261736eb010e24ffab6fe9de68b430d16a25f3c0936e751fa6fd577cbf20","8803","235","169","1","3","2","0","0","0","0","0","0","0","6","0","0","0"
"4 Working paper\0g. clean_onpe.do","working-paper pipeline","c85c22a995ae35d620821825b6dbf92012c85dacb32955465d179a4feed0c135","1400","46","13","0","1","0","0","0","0","0","0","0","0","1","0","0","0"
"4 Working paper\0j. clean_INEI.do","working-paper pipeline","4e9379bbb941a44167ce6620de4e2626c1dfd658b536d48e415fced454fd2a57","38844","933","624","6","8","5","0","0","0","0","0","0","0","1","0","0","0"
"4 Working paper\1 RD Victimas - Data Preparation.do","working-paper pipeline","6059be2e97f35f903d7d77161ec06a39e9bcec0f6c2e0ecf5b9e270fbb286794","45708","1191","759","15","17","34","2","0","0","0","0","0","0","11","0","0","0"
"4 Working paper\2 RD Victimas - Descriptive.do","working-paper pipeline","8fb53f382994e87651a7ae8077694f946dcd56f3a5f431e3ad50a34ad9f36172","29284","824","668","3","0","3","0","6","0","0","57","16","0","0","0","0","0"
"4 Working paper\3 RD Victimas - RD tests.do","working-paper pipeline","254b1dfef93b677ce3b42e05fdaca83b3ec2ae9e62c4a9de1ea6fb2587abffbe","39874","994","727","1","0","0","0","10","7","7","66","20","0","0","0","2","0"
"4 Working paper\4 RD Victimas - RD estimations - Sisfoh 2013 - CCPP level.do","working-paper pipeline","4fca0a3072bb9e9efef023d9fc78faefeeef67a2eed8d9ae538564b161a3427d","89836","2730","602","1","0","0","0","15","0","0","49","0","0","0","0","0","0"
"4 Working paper\5 RD Victimas - RD estimations - Sisfoh 2013 - Household level.do","working-paper pipeline","8462dcce0765450e2da4c68dff15ccef5cca22a4f050ccc07b025099aa1064f9","54012","1638","333","1","0","0","0","8","0","0","26","0","0","0","8","0","0"
"4 Working paper\6 RD Victimas - RD estimations - Sisfoh 2013 - Individual level.do","working-paper pipeline","f085c6dba2718ff31bc3492b995911a52e10172c9f23f431a4b150d29b65bb57","26485","787","325","1","0","0","0","8","0","0","26","0","0","0","8","0","0"
"4 Working paper\7 RD Victimas - RD estimations - Censo 2017 - CCPP level.do","working-paper pipeline","c3683cce4961bbe923c97c9991ce15821841a2423cd59ef626421e6ffd0c62bb","31317","740","582","1","0","0","0","10","0","0","46","0","1","0","0","0","0"
"do_file_exploratory_BE.do","exploratory or power analysis","e215c3e275bebe53c743593b21bd7d7ee1013c42fdf3a291e9b9aff510cc7f17","8277","206","79","4","0","0","0","8","4","8","0","16","0","0","0","0","0"
"do_file_exploratory_JZ.do","exploratory or power analysis","bf50c0029b49ad076435d2250ff83186b26655a638c77d2aa1da61479f939fa7","66454","1573","783","6","0","0","0","56","0","6","65","0","1","0","0","0","0"
"do_file_exploratory_JZ2.do","exploratory or power analysis","202ca4b9a71d8194f63c9cb5615f4bf96589ff793ce73132699ef01848e05997","7199","179","111","2","0","0","0","5","0","2","0","2","1","0","3","0","0"
"mayersen_graphs.do","auxiliary or uncategorized","0c2db6d0f78df2288131c8cd8f64d66d9067811c48203bcba189d96f7e3f5c23","14604","370","180","4","0","0","0","0","0","0","0","4","2","0","0","0","0"
"Modificacion base cpv2017ind.do","auxiliary or uncategorized","dea656ac29b3d7d9fe5904bd5064b62913fed1a36804d8ebfa800f251a6367c6","775","20","9","1","1","0","0","0","0","0","0","0","1","0","0","0","0"
"power_calculations_BE.do","exploratory or power analysis","24b11d09cf95bdae8267822c549efc1003ddd3fca98569a4d26a1bf1d45b63d7","6279","203","143","1","0","0","0","2","0","0","0","4","0","0","0","0","0"
"power_calculations_JZ.do","exploratory or power analysis","0cfb45d31a7c1a767e9668b79ae1819d8d1ad04cd11de47e6f7c906c2eadef76","16375","331","152","1","0","0","0","51","0","0","0","0","1","0","0","0","0"
"rd_poblacion.do","exploratory or power analysis","eb9d719869a2e4a4e01e9b369b385b1b70d61cf04611297ab48d00c27b809722","9409","177","130","0","0","0","0","21","0","0","0","0","0","0","0","0","0"
"SAT\0b. clean_sisfoh2013.do","SAT branch","7beb9cf28bedcb69e326281a7ed698f99f665c3bca33b4787e1723358599b858","112553","2104","9","1","0","0","0","0","0","0","0","0","1","0","0","0","0"
"SAT\1. data_prep_JZ.do","SAT branch","94a471fda4a1e4537c9d8cff56166ca1f71ac8b3f8626ee28d56c74b33cbcad9","43686","1094","10","1","1","1","0","0","0","0","0","0","1","0","0","0","0"
"SAT\ccpp_pbi_contraloria.do","SAT branch","b01d30ce26524fc4fd9018a37b8393d823370be3c74b0323d8ab4bfb7c294b94","3515","141","30","2","2","2","0","0","0","0","0","0","1","1","0","0","0"
