outcome_id,outcome_var,outcome_label,paper_order,scale,moderator_id,moderator_label,moderator_order,moderator_tier,moderator_type,spec_id,estimator,estimand,weighting,cluster_rule,h,n_left,n_right,ccpp_left,ccpp_right,min_obs_cell,min_cluster_cell,clusters,support_pass,estimate,standard_error,pvalue,ci_low,ci_high,control_sd,standardized_estimate,standardized_ci_low,standardized_ci_high,kp_f,sw_f_treat,sw_f_interaction,min_sw_f,underid_p,ar_p,gate_pass,gate_status,estimation_rc,p_holm,q_bh
H01,hh_members_2013,Rostered household members,1,1,M01,Log baseline CCPP population,1,primary,continuous,common_h_covariates,ivreg2,fuzzy_late_interaction,ccpp_equal,ccpp,.0075,2477,1198,41,22,1198,22,63,1,.20193008,.60054302,.73668551,-.97511262,1.3789728,1.8233032,.11074959,-.53480548,.75630468,1.9267073,9.1968861,4.721046,4.721046,.049458101,.94514894,0,weak_interaction_instruments,0,,
H01,hh_members_2013,Rostered household members,1,1,M01,Log baseline CCPP population,1,primary,continuous,common_h_district_cluster,ivreg2,fuzzy_late_interaction,ccpp_equal,district,.0075,2612,1198,43,22,1198,22,45,1,.20117734,.62610644,.74797177,-1.0259688,1.4283234,1.8145717,.11086767,-.56540549,.78714079,1.0003692,4.1118073,2.7884414,2.7884414,.099562041,.94562644,0,underidentified,0,,
H01,hh_members_2013,Rostered household members,1,1,M01,Log baseline CCPP population,1,primary,continuous,common_h_iv,ivreg2,fuzzy_late_interaction,ccpp_equal,ccpp,.0075,2612,1198,43,22,1198,22,65,1,.20117734,.64816725,.75627297,-1.0692071,1.4715618,1.8145717,.11086767,-.58923388,.81096917,1.0285292,4.0303893,2.7466884,2.7466884,.097149298,.9437902,0,underidentified,0,1,
H01,hh_members_2013,Rostered household members,1,1,M01,Log baseline CCPP population,1,primary,continuous,common_h_observation_equal,ivreg2,fuzzy_late_interaction,household_equal,ccpp,.0075,2612,1198,43,22,1198,22,65,1,.62101924,14.00972,.96464318,-26.837528,28.079567,1.7913898,.34666896,-14.9814,15.674738,.0020349594,.0041149901,.0040704347,.0040704347,.94783121,.98395324,0,underidentified,0,,
H01,hh_members_2013,Rostered household members,1,1,M01,Log baseline CCPP population,1,primary,continuous,common_h_score_cluster,ivreg2,fuzzy_late_interaction,ccpp_equal,score_mass,.0075,2612,1198,43,22,1198,22,49,1,.20117734,.65308434,.75805044,-1.0788444,1.4811991,1.8145717,.11086767,-.59454495,.81628031,1.0656965,3.890682,2.9167502,2.9167502,.092578225,.95086747,0,underidentified,0,,
H01,hh_members_2013,Rostered household members,1,1,M01,Log baseline CCPP population,1,primary,continuous,large_h_iv,ivreg2,fuzzy_late_interaction,ccpp_equal,ccpp,.01,3395,5088,59,31,3395,31,90,1,-1.1960499,3.4103634,.72580564,-7.8802395,5.4881396,1.786869,-.66935509,-4.4100819,3.0713718,.11151166,.25727642,.25176996,.25176996,.63620591,.55067563,0,underidentified,0,,
H01,hh_members_2013,Rostered household members,1,1,M01,Log baseline CCPP population,1,primary,continuous,small_h_iv,ivreg2,fuzzy_late_interaction,ccpp_equal,ccpp,.005,2049,960,29,15,960,15,44,1,-.66838408,1.2104468,.58082527,-3.0408161,1.704048,1.825411,-.36615539,-1.6658255,.93351477,.14719436,.4002583,.29840538,.29840538,.57464093,.27090284,0,underidentified,0,,
H01,hh_members_2013,Rostered household members,1,1,M01,Log baseline CCPP population,1,primary,continuous,common_h_rdhte,rdhte,assignment_hte,ccpp_equal,ccpp,.0075,2612,1198,43,22,1198,22,65,1,-.44281289,.27005318,.10106242,-.97210741,.086481638,1.8145717,-.24403162,-.53572279,.047659531,,,,,,,0,secondary_assignment_supported,0,.7074369192123413,
H02,hh_share_female_2013,Female household members,2,100,M01,Log baseline CCPP population,1,primary,continuous,common_h_covariates,ivreg2,fuzzy_late_interaction,ccpp_equal,ccpp,.0075,2477,1198,41,22,1198,22,63,1,19.009308,11.16467,.088637218,-2.8730423,40.891659,30.228008,.62886411,-.095045708,1.3527739,1.9267073,9.1968861,4.721046,4.721046,.049458101,.0030869576,0,weak_interaction_instruments,0,,
H02,hh_share_female_2013,Female household members,2,100,M01,Log baseline CCPP population,1,primary,continuous,common_h_district_cluster,ivreg2,fuzzy_late_interaction,ccpp_equal,district,.0075,2612,1198,43,22,1198,22,45,1,17.100388,12.132358,.15869154,-6.678597,40.879372,30.083708,.56842685,-.22200046,1.3588542,1.0003692,4.1118073,2.7884414,2.7884414,.099562041,.21720193,0,underidentified,0,,
H02,hh_share_female_2013,Female household members,2,100,M01,Log baseline CCPP population,1,primary,continuous,common_h_iv,ivreg2,fuzzy_late_interaction,ccpp_equal,ccpp,.0075,2612,1198,43,22,1198,22,65,1,17.100388,12.066083,.15641636,-6.5487013,40.749477,30.083708,.56842685,-.21768264,1.3545364,1.0285292,4.0303893,2.7466884,2.7466884,.097149298,.2102031,0,underidentified,0,1,
H02,hh_share_female_2013,Female household members,2,100,M01,Log baseline CCPP population,1,primary,continuous,common_h_observation_equal,ivreg2,fuzzy_late_interaction,household_equal,ccpp,.0075,2612,1198,43,22,1198,22,65,1,-51.078087,794.53125,.94874167,-1608.3308,1506.1746,28.900034,-1.7674057,-55.65152,52.116707,.0020349594,.0041149901,.0040704347,.0040704347,.94783121,.059798647,0,underidentified,0,,
H02,hh_share_female_2013,Female household members,2,100,M01,Log baseline CCPP population,1,primary,continuous,common_h_score_cluster,ivreg2,fuzzy_late_interaction,ccpp_equal,score_mass,.0075,2612,1198,43,22,1198,22,49,1,17.100388,11.653046,.14225075,-5.7391624,39.939938,30.083708,.56842685,-.1907731,1.3276268,1.0656965,3.890682,2.9167502,2.9167502,.092578225,.18171471,0,underidentified,0,,
H02,hh_share_female_2013,Female household members,2,100,M01,Log baseline CCPP population,1,primary,continuous,large_h_iv,ivreg2,fuzzy_late_interaction,ccpp_equal,ccpp,.01,3395,5088,59,31,3395,31,90,1,38.217823,82.526703,.64329523,-123.53154,199.96718,30.730797,1.2436328,-4.0197959,6.5070615,.11151166,.25727642,.25176996,.25176996,.63620591,.22359325,0,underidentified,0,,
H02,hh_share_female_2013,Female household members,2,100,M01,Log baseline CCPP population,1,primary,continuous,small_h_iv,ivreg2,fuzzy_late_interaction,ccpp_equal,ccpp,.005,2049,960,29,15,960,15,44,1,36.805611,58.951565,.53240663,-78.737335,152.34856,30.271263,1.2158598,-2.6010587,5.0327783,.14719436,.4002583,.29840538,.29840538,.57464093,.3716501,0,underidentified,0,,
H02,hh_share_female_2013,Female household members,2,100,M01,Log baseline CCPP population,1,primary,continuous,common_h_rdhte,rdhte,assignment_hte,ccpp_equal,ccpp,.0075,2612,1198,43,22,1198,22,65,1,7.8453588,4.8946128,.10896647,-1.7479057,17.438623,30.083708,.2607843,-.058101404,.57967001,,,,,,,0,secondary_assignment_supported,0,.7074369192123413,
H03,hh_employment_rate_outcome,Employed working-age members,3,100,M01,Log baseline CCPP population,1,primary,continuous,common_h_covariates,ivreg2,fuzzy_late_interaction,ccpp_equal,ccpp,.0075,2477,1198,41,22,1198,22,63,1,2.9264276,11.000116,.79021144,-18.633404,24.486259,34.306561,.085302271,-.54314405,.71374863,1.9267073,9.1968861,4.721046,4.721046,.049458101,.94456989,0,weak_interaction_instruments,0,,
H03,hh_employment_rate_outcome,Employed working-age members,3,100,M01,Log baseline CCPP population,1,primary,continuous,common_h_district_cluster,ivreg2,fuzzy_late_interaction,ccpp_equal,district,.0075,2612,1198,43,22,1198,22,45,1,17.416992,21.057859,.40817943,-23.855656,58.689636,33.965794,.51278031,-.70234352,1.7279041,1.0003692,4.1118073,2.7884414,2.7884414,.099562041,.44825143,0,underidentified,0,,
H03,hh_employment_rate_outcome,Employed working-age members,3,100,M01,Log baseline CCPP population,1,primary,continuous,common_h_iv,ivreg2,fuzzy_late_interaction,ccpp_equal,ccpp,.0075,2612,1198,43,22,1198,22,65,1,17.416992,21.325518,.41408807,-24.380255,59.214237,33.965794,.51278031,-.71778846,1.7433491,1.0285292,4.0303893,2.7466884,2.7466884,.097149298,.415144,0,underidentified,0,1,
H03,hh_employment_rate_outcome,Employed working-age members,3,100,M01,Log baseline CCPP population,1,primary,continuous,common_h_observation_equal,ivreg2,fuzzy_late_interaction,household_equal,ccpp,.0075,2612,1198,43,22,1198,22,65,1,259.13016,4235.9434,.95122051,-8043.1665,8561.4268,33.54356,7.7251835,-239.78273,255.23309,.0020349594,.0041149901,.0040704347,.0040704347,.94783121,.49402434,0,underidentified,0,,
H03,hh_employment_rate_outcome,Employed working-age members,3,100,M01,Log baseline CCPP population,1,primary,continuous,common_h_score_cluster,ivreg2,fuzzy_late_interaction,ccpp_equal,score_mass,.0075,2612,1198,43,22,1198,22,49,1,17.416992,21.182919,.41095245,-24.100767,58.93475,33.965794,.51278031,-.70955992,1.7351205,1.0656965,3.890682,2.9167502,2.9167502,.092578225,.39554191,0,underidentified,0,,
H03,hh_employment_rate_outcome,Employed working-age members,3,100,M01,Log baseline CCPP population,1,primary,continuous,large_h_iv,ivreg2,fuzzy_late_interaction,ccpp_equal,ccpp,.01,3395,5088,59,31,3395,31,90,1,38.996376,102.71044,.70418823,-162.31239,240.30515,34.306797,1.1366953,-4.7312021,7.0045929,.11151166,.25727642,.25176996,.25176996,.63620591,.53090107,0,underidentified,0,,
H03,hh_employment_rate_outcome,Employed working-age members,3,100,M01,Log baseline CCPP population,1,primary,continuous,small_h_iv,ivreg2,fuzzy_late_interaction,ccpp_equal,ccpp,.005,2049,960,29,15,960,15,44,1,64.782333,139.86102,.64322764,-209.34024,338.90491,33.195313,1.9515506,-6.3063197,10.209421,.14719436,.4002583,.29840538,.29840538,.57464093,.23758632,0,underidentified,0,,
H03,hh_employment_rate_outcome,Employed working-age members,3,100,M01,Log baseline CCPP population,1,primary,continuous,common_h_rdhte,rdhte,assignment_hte,ccpp_equal,ccpp,.0075,2612,1198,43,22,1198,22,65,1,12.144418,8.7169399,.16356014,-4.9404716,29.229307,33.965794,.35754845,-.14545432,.86055124,,,,,,,0,secondary_assignment_supported,0,.8178006857633591,
H04,hh_any_program_outcome,Household has a social-program participant,4,100,M01,Log baseline CCPP population,1,primary,continuous,common_h_covariates,ivreg2,fuzzy_late_interaction,ccpp_equal,ccpp,.0075,2477,1198,41,22,1198,22,63,1,-3.3999729,13.91744,.80700171,-30.677654,23.877708,49.877628,-.068166293,-.61505842,.47872582,1.9267073,9.1968861,4.721046,4.721046,.049458101,.81184614,0,weak_interaction_instruments,0,,
H04,hh_any_program_outcome,Household has a social-program participant,4,100,M01,Log baseline CCPP population,1,primary,continuous,common_h_district_cluster,ivreg2,fuzzy_late_interaction,ccpp_equal,district,.0075,2612,1198,43,22,1198,22,45,1,-22.545811,42.496792,.59574473,-105.838,60.746372,49.833134,-.45242611,-2.123848,1.2189957,1.0003692,4.1118073,2.7884414,2.7884414,.099562041,.7399345,0,underidentified,0,,
H04,hh_any_program_outcome,Household has a social-program participant,4,100,M01,Log baseline CCPP population,1,primary,continuous,common_h_iv,ivreg2,fuzzy_late_interaction,ccpp_equal,ccpp,.0075,2612,1198,43,22,1198,22,65,1,-22.545811,42.785839,.59823138,-106.40452,61.312897,49.833134,-.45242611,-2.1352162,1.2303641,1.0285292,4.0303893,2.7466884,2.7466884,.097149298,.75638437,0,underidentified,0,1,
H04,hh_any_program_outcome,Household has a social-program participant,4,100,M01,Log baseline CCPP population,1,primary,continuous,common_h_observation_equal,ivreg2,fuzzy_late_interaction,household_equal,ccpp,.0075,2612,1198,43,22,1198,22,65,1,-721.99847,11794.063,.9511863,-23837.936,22393.939,49.992622,-14.4421,-476.82907,447.94485,.0020349594,.0041149901,.0040704347,.0040704347,.94783121,.67702734,0,underidentified,0,,
H04,hh_any_program_outcome,Household has a social-program participant,4,100,M01,Log baseline CCPP population,1,primary,continuous,common_h_score_cluster,ivreg2,fuzzy_late_interaction,ccpp_equal,score_mass,.0075,2612,1198,43,22,1198,22,49,1,-22.545811,41.946438,.59092885,-104.75932,59.667694,49.833134,-.45242611,-2.1022019,1.1973498,1.0656965,3.890682,2.9167502,2.9167502,.092578225,.75683016,0,underidentified,0,,
H04,hh_any_program_outcome,Household has a social-program participant,4,100,M01,Log baseline CCPP population,1,primary,continuous,large_h_iv,ivreg2,fuzzy_late_interaction,ccpp_equal,ccpp,.01,3395,5088,59,31,3395,31,90,1,-55.330379,175.75705,.75290459,-399.80786,289.14709,49.864407,-1.1096168,-8.0179014,5.7986674,.11151166,.25727642,.25176996,.25176996,.63620591,.81222969,0,underidentified,0,,
H04,hh_any_program_outcome,Household has a social-program participant,4,100,M01,Log baseline CCPP population,1,primary,continuous,small_h_iv,ivreg2,fuzzy_late_interaction,ccpp_equal,ccpp,.005,2049,960,29,15,960,15,44,1,-27.500093,134.99246,.8385756,-292.08044,237.08026,50.007267,-.54992193,-5.8407598,4.7409163,.14719436,.4002583,.29840538,.29840538,.57464093,.67542946,0,underidentified,0,,
H04,hh_any_program_outcome,Household has a social-program participant,4,100,M01,Log baseline CCPP population,1,primary,continuous,common_h_rdhte,rdhte,assignment_hte,ccpp_equal,ccpp,.0075,2612,1198,43,22,1198,22,65,1,-13.448705,24.200331,.57839954,-60.880482,33.98307,49.833134,-.26987475,-1.2216867,.68193722,,,,,,,0,secondary_assignment_supported,0,1,
H05,wellbeing_core_proxy_2013,Core wellbeing proxy,5,100,M01,Log baseline CCPP population,1,primary,continuous,common_h_covariates,ivreg2,fuzzy_late_interaction,ccpp_equal,ccpp,.0075,2477,1198,41,22,1198,22,63,1,2.294565,12.831186,.85807341,-22.854097,27.443228,19.465183,.11788048,-1.1741014,1.4098623,1.9267073,9.1968861,4.721046,4.721046,.049458101,.71042609,0,weak_interaction_instruments,0,,
H05,wellbeing_core_proxy_2013,Core wellbeing proxy,5,100,M01,Log baseline CCPP population,1,primary,continuous,common_h_district_cluster,ivreg2,fuzzy_late_interaction,ccpp_equal,district,.0075,2612,1198,43,22,1198,22,45,1,3.2622054,17.708158,.85384047,-31.445148,37.969559,19.466887,.16757716,-1.6153147,1.950469,1.0003692,4.1118073,2.7884414,2.7884414,.099562041,.73127103,0,underidentified,0,,
H05,wellbeing_core_proxy_2013,Core wellbeing proxy,5,100,M01,Log baseline CCPP population,1,primary,continuous,common_h_iv,ivreg2,fuzzy_late_interaction,ccpp_equal,ccpp,.0075,2612,1198,43,22,1198,22,65,1,3.2622054,17.336443,.85074306,-30.716599,37.241009,19.466887,.16757716,-1.5778897,1.913044,1.0285292,4.0303893,2.7466884,2.7466884,.097149298,.70530248,0,underidentified,0,1,
H05,wellbeing_core_proxy_2013,Core wellbeing proxy,5,100,M01,Log baseline CCPP population,1,primary,continuous,common_h_observation_equal,ivreg2,fuzzy_late_interaction,household_equal,ccpp,.0075,2612,1198,43,22,1198,22,65,1,-185.05754,2676.5918,.94487876,-5431.0815,5060.9663,23.762688,-7.7877359,-228.55501,212.97952,.0020349594,.0041149901,.0040704347,.0040704347,.94783121,.51032507,0,underidentified,0,,
H05,wellbeing_core_proxy_2013,Core wellbeing proxy,5,100,M01,Log baseline CCPP population,1,primary,continuous,common_h_score_cluster,ivreg2,fuzzy_late_interaction,ccpp_equal,score_mass,.0075,2612,1198,43,22,1198,22,49,1,3.2622054,16.18808,.84029281,-28.465849,34.990261,19.466887,.16757716,-1.4622703,1.7974246,1.0656965,3.890682,2.9167502,2.9167502,.092578225,.69485539,0,underidentified,0,,
H05,wellbeing_core_proxy_2013,Core wellbeing proxy,5,100,M01,Log baseline CCPP population,1,primary,continuous,large_h_iv,ivreg2,fuzzy_late_interaction,ccpp_equal,ccpp,.01,3395,5088,59,31,3395,31,90,1,9.6006165,51.246948,.85139388,-90.84156,110.04279,19.47732,.49291262,-4.6639657,5.6497912,.11151166,.25727642,.25176996,.25176996,.63620591,.91160923,0,underidentified,0,,
H05,wellbeing_core_proxy_2013,Core wellbeing proxy,5,100,M01,Log baseline CCPP population,1,primary,continuous,small_h_iv,ivreg2,fuzzy_late_interaction,ccpp_equal,ccpp,.005,2049,960,29,15,960,15,44,1,5.411777,54.444794,.92082119,-101.29806,112.12161,19.456427,.27814856,-5.2064056,5.7627029,.14719436,.4002583,.29840538,.29840538,.57464093,.7844699,0,underidentified,0,,
H05,wellbeing_core_proxy_2013,Core wellbeing proxy,5,100,M01,Log baseline CCPP population,1,primary,continuous,common_h_rdhte,rdhte,assignment_hte,ccpp_equal,ccpp,.0075,2612,1198,43,22,1198,22,65,1,4.6001482,10.386037,.65782607,-15.75611,24.956406,19.466887,.23630632,-.80938011,1.2819928,,,,,,,0,secondary_assignment_supported,0,1,
H06,nbi_any_2013,Household has any unmet basic need,6,100,M01,Log baseline CCPP population,1,primary,continuous,common_h_covariates,ivreg2,fuzzy_late_interaction,ccpp_equal,ccpp,.0075,2477,1198,41,22,1198,22,63,1,9.5533056,15.106749,.5271343,-20.055378,39.161991,49.973949,.19116572,-.40131664,.78364807,1.9267073,9.1968861,4.721046,4.721046,.049458101,.81728464,0,weak_interaction_instruments,0,,
H06,nbi_any_2013,Household has any unmet basic need,6,100,M01,Log baseline CCPP population,1,primary,continuous,common_h_district_cluster,ivreg2,fuzzy_late_interaction,ccpp_equal,district,.0075,2612,1198,43,22,1198,22,45,1,33.002209,40.038673,.40979281,-45.472149,111.47657,49.919109,.66111374,-.91091669,2.233144,1.0003692,4.1118073,2.7884414,2.7884414,.099562041,.46185437,0,underidentified,0,,
H06,nbi_any_2013,Household has any unmet basic need,6,100,M01,Log baseline CCPP population,1,primary,continuous,common_h_iv,ivreg2,fuzzy_late_interaction,ccpp_equal,ccpp,.0075,2612,1198,43,22,1198,22,65,1,33.002209,39.941879,.40865898,-45.282433,111.28685,49.919109,.66111374,-.90711617,2.2293437,1.0285292,4.0303893,2.7466884,2.7466884,.097149298,.44749445,0,underidentified,0,1,
H06,nbi_any_2013,Household has any unmet basic need,6,100,M01,Log baseline CCPP population,1,primary,continuous,common_h_observation_equal,ivreg2,fuzzy_late_interaction,household_equal,ccpp,.0075,2612,1198,43,22,1198,22,65,1,1835.9908,28738.365,.94906068,-54490.168,58162.152,49.838284,36.838966,-1093.3396,1167.0175,.0020349594,.0041149901,.0040704347,.0040704347,.94783121,.14504701,0,underidentified,0,,
H06,nbi_any_2013,Household has any unmet basic need,6,100,M01,Log baseline CCPP population,1,primary,continuous,common_h_score_cluster,ivreg2,fuzzy_late_interaction,ccpp_equal,score_mass,.0075,2612,1198,43,22,1198,22,49,1,33.002209,39.804726,.40704623,-45.013615,111.01804,49.919109,.66111374,-.90173113,2.2239587,1.0656965,3.890682,2.9167502,2.9167502,.092578225,.43371466,0,underidentified,0,,
H06,nbi_any_2013,Household has any unmet basic need,6,100,M01,Log baseline CCPP population,1,primary,continuous,large_h_iv,ivreg2,fuzzy_late_interaction,ccpp_equal,ccpp,.01,3395,5088,59,31,3395,31,90,1,76.551804,200.20029,.70218241,-315.83353,468.93713,49.989361,1.5313619,-6.3180151,9.3807392,.11151166,.25727642,.25176996,.25176996,.63620591,.612957,0,underidentified,0,,
H06,nbi_any_2013,Household has any unmet basic need,6,100,M01,Log baseline CCPP population,1,primary,continuous,small_h_iv,ivreg2,fuzzy_late_interaction,ccpp_equal,ccpp,.005,2049,960,29,15,960,15,44,1,110.8185,243.99759,.64970028,-367.40799,589.04498,50.009827,2.2159345,-7.3467159,11.778585,.14719436,.4002583,.29840538,.29840538,.57464093,.28178602,0,underidentified,0,,
H06,nbi_any_2013,Household has any unmet basic need,6,100,M01,Log baseline CCPP population,1,primary,continuous,common_h_rdhte,rdhte,assignment_hte,ccpp_equal,ccpp,.0075,2612,1198,43,22,1198,22,65,1,15.058475,15.806845,.3407647,-15.92237,46.039322,49.919109,.30165753,-.31896341,.92227852,,,,,,,0,secondary_assignment_supported,0,1,
H07,wellbeing_assets_2013,Durable-assets wellbeing domain,7,100,M01,Log baseline CCPP population,1,primary,continuous,common_h_covariates,ivreg2,fuzzy_late_interaction,ccpp_equal,ccpp,.0075,2477,1198,41,22,1198,22,63,1,4.379003,4.1940193,.2964361,-3.8411236,12.59913,12.467211,.35124159,-.30809808,1.0105813,1.9267073,9.1968861,4.721046,4.721046,.049458101,.31768042,0,weak_interaction_instruments,0,,
H07,wellbeing_assets_2013,Durable-assets wellbeing domain,7,100,M01,Log baseline CCPP population,1,primary,continuous,common_h_district_cluster,ivreg2,fuzzy_late_interaction,ccpp_equal,district,.0075,2612,1198,43,22,1198,22,45,1,7.3786697,8.397789,.37959418,-9.0806952,23.838034,12.490084,.5907622,-.7270323,1.9085567,1.0003692,4.1118073,2.7884414,2.7884414,.099562041,.29835513,0,underidentified,0,,
H07,wellbeing_assets_2013,Durable-assets wellbeing domain,7,100,M01,Log baseline CCPP population,1,primary,continuous,common_h_iv,ivreg2,fuzzy_late_interaction,ccpp_equal,ccpp,.0075,2612,1198,43,22,1198,22,65,1,7.3786697,8.3504591,.37689897,-8.9879293,23.745268,12.490084,.5907622,-.71960515,1.9011296,1.0285292,4.0303893,2.7466884,2.7466884,.097149298,.30447426,0,underidentified,0,1,
H07,wellbeing_assets_2013,Durable-assets wellbeing domain,7,100,M01,Log baseline CCPP population,1,primary,continuous,common_h_observation_equal,ivreg2,fuzzy_late_interaction,household_equal,ccpp,.0075,2612,1198,43,22,1198,22,65,1,194.57387,3095.4722,.94987994,-5872.4404,6261.5879,15.931717,12.212988,-368.60059,393.02655,.0020349594,.0041149901,.0040704347,.0040704347,.94783121,.017630141,0,underidentified,0,,
H07,wellbeing_assets_2013,Durable-assets wellbeing domain,7,100,M01,Log baseline CCPP population,1,primary,continuous,common_h_score_cluster,ivreg2,fuzzy_late_interaction,ccpp_equal,score_mass,.0075,2612,1198,43,22,1198,22,49,1,7.3786697,8.2023134,.36834168,-8.6975689,23.454908,12.490084,.5907622,-.69635797,1.8778824,1.0656965,3.890682,2.9167502,2.9167502,.092578225,.241227,0,underidentified,0,,
H07,wellbeing_assets_2013,Durable-assets wellbeing domain,7,100,M01,Log baseline CCPP population,1,primary,continuous,large_h_iv,ivreg2,fuzzy_late_interaction,ccpp_equal,ccpp,.01,3395,5088,59,31,3395,31,90,1,24.096685,58.496258,.68038666,-90.553871,138.74724,12.923994,1.8644922,-7.0066476,10.735632,.11151166,.25727642,.25176996,.25176996,.63620591,.12706693,0,underidentified,0,,
H07,wellbeing_assets_2013,Durable-assets wellbeing domain,7,100,M01,Log baseline CCPP population,1,primary,continuous,small_h_iv,ivreg2,fuzzy_late_interaction,ccpp_equal,ccpp,.005,2049,960,29,15,960,15,44,1,19.324951,42.657581,.6505307,-64.282372,102.93227,11.547175,1.6735651,-5.5669346,8.9140644,.14719436,.4002583,.29840538,.29840538,.57464093,.34819579,0,underidentified,0,,
H07,wellbeing_assets_2013,Durable-assets wellbeing domain,7,100,M01,Log baseline CCPP population,1,primary,continuous,common_h_rdhte,rdhte,assignment_hte,ccpp_equal,ccpp,.0075,2612,1198,43,22,1198,22,65,1,4.534265,2.5574174,.076231033,-.47818089,9.546711,12.490084,.36302918,-.038284842,.76434326,,,,,,,0,secondary_assignment_supported,0,.6098482608795166,
H08,hh_share_secondaryplus_2013,Members with secondary education or higher,8,100,M01,Log baseline CCPP population,1,primary,continuous,common_h_covariates,ivreg2,fuzzy_late_interaction,ccpp_equal,ccpp,.0075,2477,1198,41,22,1198,22,63,1,13.473652,19.006023,.47837734,-23.77747,50.724773,38.808815,.34718019,-.61268216,1.3070426,1.9267073,9.1968861,4.721046,4.721046,.049458101,.22697319,0,weak_interaction_instruments,0,,
H08,hh_share_secondaryplus_2013,Members with secondary education or higher,8,100,M01,Log baseline CCPP population,1,primary,continuous,common_h_district_cluster,ivreg2,fuzzy_late_interaction,ccpp_equal,district,.0075,2612,1198,43,22,1198,22,45,1,16.675568,25.237177,.50877005,-32.788391,66.139526,38.750683,.43032962,-.84613711,1.7067963,1.0003692,4.1118073,2.7884414,2.7884414,.099562041,.23114397,0,underidentified,0,,
H08,hh_share_secondaryplus_2013,Members with secondary education or higher,8,100,M01,Log baseline CCPP population,1,primary,continuous,common_h_iv,ivreg2,fuzzy_late_interaction,ccpp_equal,ccpp,.0075,2612,1198,43,22,1198,22,65,1,16.675568,25.032703,.50531441,-32.38763,65.738762,38.750683,.43032962,-.83579504,1.6964543,1.0285292,4.0303893,2.7466884,2.7466884,.097149298,.19668218,0,underidentified,0,1,
H08,hh_share_secondaryplus_2013,Members with secondary education or higher,8,100,M01,Log baseline CCPP population,1,primary,continuous,common_h_observation_equal,ivreg2,fuzzy_late_interaction,household_equal,ccpp,.0075,2612,1198,43,22,1198,22,65,1,-928.47339,14293.209,.9482066,-28942.648,27085.703,40.807968,-22.752258,-709.24017,663.73566,.0020349594,.0041149901,.0040704347,.0040704347,.94783121,.015762148,0,underidentified,0,,
H08,hh_share_secondaryplus_2013,Members with secondary education or higher,8,100,M01,Log baseline CCPP population,1,primary,continuous,common_h_score_cluster,ivreg2,fuzzy_late_interaction,ccpp_equal,score_mass,.0075,2612,1198,43,22,1198,22,49,1,16.675568,23.788719,.48331153,-29.949465,63.300598,38.750683,.43032962,-.77287579,1.633535,1.0656965,3.890682,2.9167502,2.9167502,.092578225,.19633739,0,underidentified,0,,
H08,hh_share_secondaryplus_2013,Members with secondary education or higher,8,100,M01,Log baseline CCPP population,1,primary,continuous,large_h_iv,ivreg2,fuzzy_late_interaction,ccpp_equal,ccpp,.01,3395,5088,59,31,3395,31,90,1,9.8088102,65.58326,.8811096,-118.73202,138.34964,39.253048,.2498866,-3.0247846,3.5245578,.11151166,.25727642,.25176996,.25176996,.63620591,.29391932,0,underidentified,0,,
H08,hh_share_secondaryplus_2013,Members with secondary education or higher,8,100,M01,Log baseline CCPP population,1,primary,continuous,small_h_iv,ivreg2,fuzzy_late_interaction,ccpp_equal,ccpp,.005,2049,960,29,15,960,15,44,1,18.398668,65.430771,.77856243,-109.84328,146.64061,39.069603,.47092023,-2.8114767,3.7533171,.14719436,.4002583,.29840538,.29840538,.57464093,.25328118,0,underidentified,0,,
H08,hh_share_secondaryplus_2013,Members with secondary education or higher,8,100,M01,Log baseline CCPP population,1,primary,continuous,common_h_rdhte,rdhte,assignment_hte,ccpp_equal,ccpp,.0075,2612,1198,43,22,1198,22,65,1,9.0631275,11.0292,.4112252,-12.553705,30.679962,38.750683,.23388304,-.32396087,.79172695,,,,,,,0,secondary_assignment_supported,0,1,
H01,hh_members_2013,Rostered household members,1,1,M02,District-capital CCPP,2,primary,binary,common_h_covariates,ivreg2,fuzzy_late_interaction,ccpp_equal,ccpp,.0075,2477,1198,41,22,254,2,63,0,,,,,,,,,,,,,,,,0,insufficient_support,2001,,
H01,hh_members_2013,Rostered household members,1,1,M02,District-capital CCPP,2,primary,binary,common_h_district_cluster,ivreg2,fuzzy_late_interaction,ccpp_equal,district,.0075,2537,1198,42,22,254,2,44,0,,,,,,,,,,,,,,,,0,insufficient_support,2001,,
H01,hh_members_2013,Rostered household members,1,1,M02,District-capital CCPP,2,primary,binary,common_h_iv,ivreg2,fuzzy_late_interaction,ccpp_equal,ccpp,.0075,2537,1198,42,22,254,2,64,0,,,,,,,,,,,,,,,,0,insufficient_support,2001,,
H01,hh_members_2013,Rostered household members,1,1,M02,District-capital CCPP,2,primary,binary,common_h_observation_equal,ivreg2,fuzzy_late_interaction,household_equal,ccpp,.0075,2537,1198,42,22,254,2,64,0,,,,,,,,,,,,,,,,0,insufficient_support,2001,,
H01,hh_members_2013,Rostered household members,1,1,M02,District-capital CCPP,2,primary,binary,common_h_score_cluster,ivreg2,fuzzy_late_interaction,ccpp_equal,score_mass,.0075,2537,1198,42,22,254,2,49,0,,,,,,,,,,,,,,,,0,insufficient_support,2001,,
H01,hh_members_2013,Rostered household members,1,1,M02,District-capital CCPP,2,primary,binary,large_h_iv,ivreg2,fuzzy_late_interaction,ccpp_equal,ccpp,.01,3320,5088,58,31,1151,4,89,0,,,,,,,,,,,,,,,,0,insufficient_support,2001,,
H01,hh_members_2013,Rostered household members,1,1,M02,District-capital CCPP,2,primary,binary,small_h_iv,ivreg2,fuzzy_late_interaction,ccpp_equal,ccpp,.005,2049,960,29,15,254,2,44,0,,,,,,,,,,,,,,,,0,insufficient_support,2001,,
H01,hh_members_2013,Rostered household members,1,1,M02,District-capital CCPP,2,primary,binary,common_h_rdhte,rdhte,assignment_hte,ccpp_equal,ccpp,.0075,2537,1198,42,22,254,2,64,0,,,,,,,,,,,,,,,,0,insufficient_support,2001,,
H02,hh_share_female_2013,Female household members,2,100,M02,District-capital CCPP,2,primary,binary,common_h_covariates,ivreg2,fuzzy_late_interaction,ccpp_equal,ccpp,.0075,2477,1198,41,22,254,2,63,0,,,,,,,,,,,,,,,,0,insufficient_support,2001,,
H02,hh_share_female_2013,Female household members,2,100,M02,District-capital CCPP,2,primary,binary,common_h_district_cluster,ivreg2,fuzzy_late_interaction,ccpp_equal,district,.0075,2537,1198,42,22,254,2,44,0,,,,,,,,,,,,,,,,0,insufficient_support,2001,,
H02,hh_share_female_2013,Female household members,2,100,M02,District-capital CCPP,2,primary,binary,common_h_iv,ivreg2,fuzzy_late_interaction,ccpp_equal,ccpp,.0075,2537,1198,42,22,254,2,64,0,,,,,,,,,,,,,,,,0,insufficient_support,2001,,
H02,hh_share_female_2013,Female household members,2,100,M02,District-capital CCPP,2,primary,binary,common_h_observation_equal,ivreg2,fuzzy_late_interaction,household_equal,ccpp,.0075,2537,1198,42,22,254,2,64,0,,,,,,,,,,,,,,,,0,insufficient_support,2001,,
H02,hh_share_female_2013,Female household members,2,100,M02,District-capital CCPP,2,primary,binary,common_h_score_cluster,ivreg2,fuzzy_late_interaction,ccpp_equal,score_mass,.0075,2537,1198,42,22,254,2,49,0,,,,,,,,,,,,,,,,0,insufficient_support,2001,,
H02,hh_share_female_2013,Female household members,2,100,M02,District-capital CCPP,2,primary,binary,large_h_iv,ivreg2,fuzzy_late_interaction,ccpp_equal,ccpp,.01,3320,5088,58,31,1151,4,89,0,,,,,,,,,,,,,,,,0,insufficient_support,2001,,
H02,hh_share_female_2013,Female household members,2,100,M02,District-capital CCPP,2,primary,binary,small_h_iv,ivreg2,fuzzy_late_interaction,ccpp_equal,ccpp,.005,2049,960,29,15,254,2,44,0,,,,,,,,,,,,,,,,0,insufficient_support,2001,,
H02,hh_share_female_2013,Female household members,2,100,M02,District-capital CCPP,2,primary,binary,common_h_rdhte,rdhte,assignment_hte,ccpp_equal,ccpp,.0075,2537,1198,42,22,254,2,64,0,,,,,,,,,,,,,,,,0,insufficient_support,2001,,
H03,hh_employment_rate_outcome,Employed working-age members,3,100,M02,District-capital CCPP,2,primary,binary,common_h_covariates,ivreg2,fuzzy_late_interaction,ccpp_equal,ccpp,.0075,2477,1198,41,22,254,2,63,0,,,,,,,,,,,,,,,,0,insufficient_support,2001,,
H03,hh_employment_rate_outcome,Employed working-age members,3,100,M02,District-capital CCPP,2,primary,binary,common_h_district_cluster,ivreg2,fuzzy_late_interaction,ccpp_equal,district,.0075,2537,1198,42,22,254,2,44,0,,,,,,,,,,,,,,,,0,insufficient_support,2001,,
H03,hh_employment_rate_outcome,Employed working-age members,3,100,M02,District-capital CCPP,2,primary,binary,common_h_iv,ivreg2,fuzzy_late_interaction,ccpp_equal,ccpp,.0075,2537,1198,42,22,254,2,64,0,,,,,,,,,,,,,,,,0,insufficient_support,2001,,
H03,hh_employment_rate_outcome,Employed working-age members,3,100,M02,District-capital CCPP,2,primary,binary,common_h_observation_equal,ivreg2,fuzzy_late_interaction,household_equal,ccpp,.0075,2537,1198,42,22,254,2,64,0,,,,,,,,,,,,,,,,0,insufficient_support,2001,,
H03,hh_employment_rate_outcome,Employed working-age members,3,100,M02,District-capital CCPP,2,primary,binary,common_h_score_cluster,ivreg2,fuzzy_late_interaction,ccpp_equal,score_mass,.0075,2537,1198,42,22,254,2,49,0,,,,,,,,,,,,,,,,0,insufficient_support,2001,,
H03,hh_employment_rate_outcome,Employed working-age members,3,100,M02,District-capital CCPP,2,primary,binary,large_h_iv,ivreg2,fuzzy_late_interaction,ccpp_equal,ccpp,.01,3320,5088,58,31,1151,4,89,0,,,,,,,,,,,,,,,,0,insufficient_support,2001,,
H03,hh_employment_rate_outcome,Employed working-age members,3,100,M02,District-capital CCPP,2,primary,binary,small_h_iv,ivreg2,fuzzy_late_interaction,ccpp_equal,ccpp,.005,2049,960,29,15,254,2,44,0,,,,,,,,,,,,,,,,0,insufficient_support,2001,,
H03,hh_employment_rate_outcome,Employed working-age members,3,100,M02,District-capital CCPP,2,primary,binary,common_h_rdhte,rdhte,assignment_hte,ccpp_equal,ccpp,.0075,2537,1198,42,22,254,2,64,0,,,,,,,,,,,,,,,,0,insufficient_support,2001,,
H04,hh_any_program_outcome,Household has a social-program participant,4,100,M02,District-capital CCPP,2,primary,binary,common_h_covariates,ivreg2,fuzzy_late_interaction,ccpp_equal,ccpp,.0075,2477,1198,41,22,254,2,63,0,,,,,,,,,,,,,,,,0,insufficient_support,2001,,
H04,hh_any_program_outcome,Household has a social-program participant,4,100,M02,District-capital CCPP,2,primary,binary,common_h_district_cluster,ivreg2,fuzzy_late_interaction,ccpp_equal,district,.0075,2537,1198,42,22,254,2,44,0,,,,,,,,,,,,,,,,0,insufficient_support,2001,,
H04,hh_any_program_outcome,Household has a social-program participant,4,100,M02,District-capital CCPP,2,primary,binary,common_h_iv,ivreg2,fuzzy_late_interaction,ccpp_equal,ccpp,.0075,2537,1198,42,22,254,2,64,0,,,,,,,,,,,,,,,,0,insufficient_support,2001,,
H04,hh_any_program_outcome,Household has a social-program participant,4,100,M02,District-capital CCPP,2,primary,binary,common_h_observation_equal,ivreg2,fuzzy_late_interaction,household_equal,ccpp,.0075,2537,1198,42,22,254,2,64,0,,,,,,,,,,,,,,,,0,insufficient_support,2001,,
H04,hh_any_program_outcome,Household has a social-program participant,4,100,M02,District-capital CCPP,2,primary,binary,common_h_score_cluster,ivreg2,fuzzy_late_interaction,ccpp_equal,score_mass,.0075,2537,1198,42,22,254,2,49,0,,,,,,,,,,,,,,,,0,insufficient_support,2001,,
H04,hh_any_program_outcome,Household has a social-program participant,4,100,M02,District-capital CCPP,2,primary,binary,large_h_iv,ivreg2,fuzzy_late_interaction,ccpp_equal,ccpp,.01,3320,5088,58,31,1151,4,89,0,,,,,,,,,,,,,,,,0,insufficient_support,2001,,
H04,hh_any_program_outcome,Household has a social-program participant,4,100,M02,District-capital CCPP,2,primary,binary,small_h_iv,ivreg2,fuzzy_late_interaction,ccpp_equal,ccpp,.005,2049,960,29,15,254,2,44,0,,,,,,,,,,,,,,,,0,insufficient_support,2001,,
H04,hh_any_program_outcome,Household has a social-program participant,4,100,M02,District-capital CCPP,2,primary,binary,common_h_rdhte,rdhte,assignment_hte,ccpp_equal,ccpp,.0075,2537,1198,42,22,254,2,64,0,,,,,,,,,,,,,,,,0,insufficient_support,2001,,
H05,wellbeing_core_proxy_2013,Core wellbeing proxy,5,100,M02,District-capital CCPP,2,primary,binary,common_h_covariates,ivreg2,fuzzy_late_interaction,ccpp_equal,ccpp,.0075,2477,1198,41,22,254,2,63,0,,,,,,,,,,,,,,,,0,insufficient_support,2001,,
H05,wellbeing_core_proxy_2013,Core wellbeing proxy,5,100,M02,District-capital CCPP,2,primary,binary,common_h_district_cluster,ivreg2,fuzzy_late_interaction,ccpp_equal,district,.0075,2537,1198,42,22,254,2,44,0,,,,,,,,,,,,,,,,0,insufficient_support,2001,,
H05,wellbeing_core_proxy_2013,Core wellbeing proxy,5,100,M02,District-capital CCPP,2,primary,binary,common_h_iv,ivreg2,fuzzy_late_interaction,ccpp_equal,ccpp,.0075,2537,1198,42,22,254,2,64,0,,,,,,,,,,,,,,,,0,insufficient_support,2001,,
H05,wellbeing_core_proxy_2013,Core wellbeing proxy,5,100,M02,District-capital CCPP,2,primary,binary,common_h_observation_equal,ivreg2,fuzzy_late_interaction,household_equal,ccpp,.0075,2537,1198,42,22,254,2,64,0,,,,,,,,,,,,,,,,0,insufficient_support,2001,,
H05,wellbeing_core_proxy_2013,Core wellbeing proxy,5,100,M02,District-capital CCPP,2,primary,binary,common_h_score_cluster,ivreg2,fuzzy_late_interaction,ccpp_equal,score_mass,.0075,2537,1198,42,22,254,2,49,0,,,,,,,,,,,,,,,,0,insufficient_support,2001,,
H05,wellbeing_core_proxy_2013,Core wellbeing proxy,5,100,M02,District-capital CCPP,2,primary,binary,large_h_iv,ivreg2,fuzzy_late_interaction,ccpp_equal,ccpp,.01,3320,5088,58,31,1151,4,89,0,,,,,,,,,,,,,,,,0,insufficient_support,2001,,
H05,wellbeing_core_proxy_2013,Core wellbeing proxy,5,100,M02,District-capital CCPP,2,primary,binary,small_h_iv,ivreg2,fuzzy_late_interaction,ccpp_equal,ccpp,.005,2049,960,29,15,254,2,44,0,,,,,,,,,,,,,,,,0,insufficient_support,2001,,
H05,wellbeing_core_proxy_2013,Core wellbeing proxy,5,100,M02,District-capital CCPP,2,primary,binary,common_h_rdhte,rdhte,assignment_hte,ccpp_equal,ccpp,.0075,2537,1198,42,22,254,2,64,0,,,,,,,,,,,,,,,,0,insufficient_support,2001,,
H06,nbi_any_2013,Household has any unmet basic need,6,100,M02,District-capital CCPP,2,primary,binary,common_h_covariates,ivreg2,fuzzy_late_interaction,ccpp_equal,ccpp,.0075,2477,1198,41,22,254,2,63,0,,,,,,,,,,,,,,,,0,insufficient_support,2001,,
H06,nbi_any_2013,Household has any unmet basic need,6,100,M02,District-capital CCPP,2,primary,binary,common_h_district_cluster,ivreg2,fuzzy_late_interaction,ccpp_equal,district,.0075,2537,1198,42,22,254,2,44,0,,,,,,,,,,,,,,,,0,insufficient_support,2001,,
H06,nbi_any_2013,Household has any unmet basic need,6,100,M02,District-capital CCPP,2,primary,binary,common_h_iv,ivreg2,fuzzy_late_interaction,ccpp_equal,ccpp,.0075,2537,1198,42,22,254,2,64,0,,,,,,,,,,,,,,,,0,insufficient_support,2001,,
H06,nbi_any_2013,Household has any unmet basic need,6,100,M02,District-capital CCPP,2,primary,binary,common_h_observation_equal,ivreg2,fuzzy_late_interaction,household_equal,ccpp,.0075,2537,1198,42,22,254,2,64,0,,,,,,,,,,,,,,,,0,insufficient_support,2001,,
H06,nbi_any_2013,Household has any unmet basic need,6,100,M02,District-capital CCPP,2,primary,binary,common_h_score_cluster,ivreg2,fuzzy_late_interaction,ccpp_equal,score_mass,.0075,2537,1198,42,22,254,2,49,0,,,,,,,,,,,,,,,,0,insufficient_support,2001,,
H06,nbi_any_2013,Household has any unmet basic need,6,100,M02,District-capital CCPP,2,primary,binary,large_h_iv,ivreg2,fuzzy_late_interaction,ccpp_equal,ccpp,.01,3320,5088,58,31,1151,4,89,0,,,,,,,,,,,,,,,,0,insufficient_support,2001,,
H06,nbi_any_2013,Household has any unmet basic need,6,100,M02,District-capital CCPP,2,primary,binary,small_h_iv,ivreg2,fuzzy_late_interaction,ccpp_equal,ccpp,.005,2049,960,29,15,254,2,44,0,,,,,,,,,,,,,,,,0,insufficient_support,2001,,
H06,nbi_any_2013,Household has any unmet basic need,6,100,M02,District-capital CCPP,2,primary,binary,common_h_rdhte,rdhte,assignment_hte,ccpp_equal,ccpp,.0075,2537,1198,42,22,254,2,64,0,,,,,,,,,,,,,,,,0,insufficient_support,2001,,
H07,wellbeing_assets_2013,Durable-assets wellbeing domain,7,100,M02,District-capital CCPP,2,primary,binary,common_h_covariates,ivreg2,fuzzy_late_interaction,ccpp_equal,ccpp,.0075,2477,1198,41,22,254,2,63,0,,,,,,,,,,,,,,,,0,insufficient_support,2001,,
H07,wellbeing_assets_2013,Durable-assets wellbeing domain,7,100,M02,District-capital CCPP,2,primary,binary,common_h_district_cluster,ivreg2,fuzzy_late_interaction,ccpp_equal,district,.0075,2537,1198,42,22,254,2,44,0,,,,,,,,,,,,,,,,0,insufficient_support,2001,,
H07,wellbeing_assets_2013,Durable-assets wellbeing domain,7,100,M02,District-capital CCPP,2,primary,binary,common_h_iv,ivreg2,fuzzy_late_interaction,ccpp_equal,ccpp,.0075,2537,1198,42,22,254,2,64,0,,,,,,,,,,,,,,,,0,insufficient_support,2001,,
H07,wellbeing_assets_2013,Durable-assets wellbeing domain,7,100,M02,District-capital CCPP,2,primary,binary,common_h_observation_equal,ivreg2,fuzzy_late_interaction,household_equal,ccpp,.0075,2537,1198,42,22,254,2,64,0,,,,,,,,,,,,,,,,0,insufficient_support,2001,,
H07,wellbeing_assets_2013,Durable-assets wellbeing domain,7,100,M02,District-capital CCPP,2,primary,binary,common_h_score_cluster,ivreg2,fuzzy_late_interaction,ccpp_equal,score_mass,.0075,2537,1198,42,22,254,2,49,0,,,,,,,,,,,,,,,,0,insufficient_support,2001,,
H07,wellbeing_assets_2013,Durable-assets wellbeing domain,7,100,M02,District-capital CCPP,2,primary,binary,large_h_iv,ivreg2,fuzzy_late_interaction,ccpp_equal,ccpp,.01,3320,5088,58,31,1151,4,89,0,,,,,,,,,,,,,,,,0,insufficient_support,2001,,
H07,wellbeing_assets_2013,Durable-assets wellbeing domain,7,100,M02,District-capital CCPP,2,primary,binary,small_h_iv,ivreg2,fuzzy_late_interaction,ccpp_equal,ccpp,.005,2049,960,29,15,254,2,44,0,,,,,,,,,,,,,,,,0,insufficient_support,2001,,
H07,wellbeing_assets_2013,Durable-assets wellbeing domain,7,100,M02,District-capital CCPP,2,primary,binary,common_h_rdhte,rdhte,assignment_hte,ccpp_equal,ccpp,.0075,2537,1198,42,22,254,2,64,0,,,,,,,,,,,,,,,,0,insufficient_support,2001,,
H08,hh_share_secondaryplus_2013,Members with secondary education or higher,8,100,M02,District-capital CCPP,2,primary,binary,common_h_covariates,ivreg2,fuzzy_late_interaction,ccpp_equal,ccpp,.0075,2477,1198,41,22,254,2,63,0,,,,,,,,,,,,,,,,0,insufficient_support,2001,,
H08,hh_share_secondaryplus_2013,Members with secondary education or higher,8,100,M02,District-capital CCPP,2,primary,binary,common_h_district_cluster,ivreg2,fuzzy_late_interaction,ccpp_equal,district,.0075,2537,1198,42,22,254,2,44,0,,,,,,,,,,,,,,,,0,insufficient_support,2001,,
H08,hh_share_secondaryplus_2013,Members with secondary education or higher,8,100,M02,District-capital CCPP,2,primary,binary,common_h_iv,ivreg2,fuzzy_late_interaction,ccpp_equal,ccpp,.0075,2537,1198,42,22,254,2,64,0,,,,,,,,,,,,,,,,0,insufficient_support,2001,,
H08,hh_share_secondaryplus_2013,Members with secondary education or higher,8,100,M02,District-capital CCPP,2,primary,binary,common_h_observation_equal,ivreg2,fuzzy_late_interaction,household_equal,ccpp,.0075,2537,1198,42,22,254,2,64,0,,,,,,,,,,,,,,,,0,insufficient_support,2001,,
H08,hh_share_secondaryplus_2013,Members with secondary education or higher,8,100,M02,District-capital CCPP,2,primary,binary,common_h_score_cluster,ivreg2,fuzzy_late_interaction,ccpp_equal,score_mass,.0075,2537,1198,42,22,254,2,49,0,,,,,,,,,,,,,,,,0,insufficient_support,2001,,
H08,hh_share_secondaryplus_2013,Members with secondary education or higher,8,100,M02,District-capital CCPP,2,primary,binary,large_h_iv,ivreg2,fuzzy_late_interaction,ccpp_equal,ccpp,.01,3320,5088,58,31,1151,4,89,0,,,,,,,,,,,,,,,,0,insufficient_support,2001,,
H08,hh_share_secondaryplus_2013,Members with secondary education or higher,8,100,M02,District-capital CCPP,2,primary,binary,small_h_iv,ivreg2,fuzzy_late_interaction,ccpp_equal,ccpp,.005,2049,960,29,15,254,2,44,0,,,,,,,,,,,,,,,,0,insufficient_support,2001,,
H08,hh_share_secondaryplus_2013,Members with secondary education or higher,8,100,M02,District-capital CCPP,2,primary,binary,common_h_rdhte,rdhte,assignment_hte,ccpp_equal,ccpp,.0075,2537,1198,42,22,254,2,64,0,,,,,,,,,,,,,,,,0,insufficient_support,2001,,
H01,hh_members_2013,Rostered household members,1,1,S01,Baseline CCPP deprivation,4,secondary,continuous,common_h_covariates,ivreg2,fuzzy_late_interaction,ccpp_equal,ccpp,.0075,2477,1198,41,22,1198,22,63,1,1.3279922,.76410502,.082215965,-.16962612,2.8256104,1.8233032,.72834408,-.093032315,1.5497205,2.2468927,9.2236862,4.4507647,4.4507647,.020107424,.0076147728,0,weak_interaction_instruments,0,,
H01,hh_members_2013,Rostered household members,1,1,S01,Baseline CCPP deprivation,4,secondary,continuous,common_h_iv,ivreg2,fuzzy_late_interaction,ccpp_equal,ccpp,.0075,2552,1198,42,22,1198,22,64,1,1.4854902,.94217527,.11487375,-.36113942,3.3321199,1.8229979,.81486118,-.19810194,1.8278242,1.4727862,9.6455088,2.6036863,2.6036863,.042915605,.020569071,0,weak_interaction_instruments,0,,.9206439602759576
H01,hh_members_2013,Rostered household members,1,1,S01,Baseline CCPP deprivation,4,secondary,continuous,common_h_rdhte,rdhte,assignment_hte,ccpp_equal,ccpp,.0075,2552,1198,42,22,1198,22,64,1,.63673097,.44033629,.14817423,-.22631232,1.4997742,1.8229979,.34927684,-.12414294,.82269663,,,,,,,0,secondary_assignment_supported,0,,.5268416934543185
H02,hh_share_female_2013,Female household members,2,100,S01,Baseline CCPP deprivation,4,secondary,continuous,common_h_covariates,ivreg2,fuzzy_late_interaction,ccpp_equal,ccpp,.0075,2477,1198,41,22,1198,22,63,1,-6.2368569,4.6777086,.1824286,-15.404998,2.9312835,30.228008,-.2063271,-.50962663,.096972436,2.2468927,9.2236862,4.4507647,4.4507647,.020107424,.30942377,0,weak_interaction_instruments,0,,
H02,hh_share_female_2013,Female household members,2,100,S01,Baseline CCPP deprivation,4,secondary,continuous,common_h_iv,ivreg2,fuzzy_late_interaction,ccpp_equal,ccpp,.0075,2552,1198,42,22,1198,22,64,1,-1.5474457,5.7137866,.78652436,-12.746262,9.65137,30.164419,-.051300362,-.42255947,.31995875,1.4727862,9.6455088,2.6036863,2.6036863,.042915605,.91265249,0,weak_interaction_instruments,0,,.9206439602759576
H02,hh_share_female_2013,Female household members,2,100,S01,Baseline CCPP deprivation,4,secondary,continuous,common_h_rdhte,rdhte,assignment_hte,ccpp_equal,ccpp,.0075,2552,1198,42,22,1198,22,64,1,-4.5939627,6.8249893,.50087786,-17.970695,8.7827711,30.164419,-.15229741,-.59575808,.29116327,,,,,,,0,secondary_assignment_supported,0,,.8411381585257394
H03,hh_employment_rate_outcome,Employed working-age members,3,100,S01,Baseline CCPP deprivation,4,secondary,continuous,common_h_covariates,ivreg2,fuzzy_late_interaction,ccpp_equal,ccpp,.0075,2477,1198,41,22,1198,22,63,1,-11.746997,15.024543,.43430045,-41.194561,17.700565,34.306561,-.34241256,-1.2007779,.51595283,2.2468927,9.2236862,4.4507647,4.4507647,.020107424,.63406849,0,weak_interaction_instruments,0,,
H03,hh_employment_rate_outcome,Employed working-age members,3,100,S01,Baseline CCPP deprivation,4,secondary,continuous,common_h_iv,ivreg2,fuzzy_late_interaction,ccpp_equal,ccpp,.0075,2552,1198,42,22,1198,22,64,1,-23.712635,22.473957,.29137221,-67.76078,20.33551,34.149544,-.69437629,-1.9842367,.59548408,1.4727862,9.6455088,2.6036863,2.6036863,.042915605,.17787217,0,weak_interaction_instruments,0,,.9206439602759576
H03,hh_employment_rate_outcome,Employed working-age members,3,100,S01,Baseline CCPP deprivation,4,secondary,continuous,common_h_rdhte,rdhte,assignment_hte,ccpp_equal,ccpp,.0075,2552,1198,42,22,1198,22,64,1,-9.231885,8.4112434,.27239457,-25.717621,7.25385,34.149544,-.27033699,-.75308824,.21241425,,,,,,,0,secondary_assignment_supported,0,,.6226161548069545
H04,hh_any_program_outcome,Household has a social-program participant,4,100,S01,Baseline CCPP deprivation,4,secondary,continuous,common_h_covariates,ivreg2,fuzzy_late_interaction,ccpp_equal,ccpp,.0075,2477,1198,41,22,1198,22,63,1,37.767544,24.25206,.11940115,-9.7656231,85.300705,49.877628,.75720406,-.19579165,1.7101998,2.2468927,9.2236862,4.4507647,4.4507647,.020107424,.030029571,0,weak_interaction_instruments,0,,
H04,hh_any_program_outcome,Household has a social-program participant,4,100,S01,Baseline CCPP deprivation,4,secondary,continuous,common_h_iv,ivreg2,fuzzy_late_interaction,ccpp_equal,ccpp,.0075,2552,1198,42,22,1198,22,64,1,56.09314,38.894043,.14924487,-20.137785,132.32407,49.863625,1.124931,-.40385723,2.6537192,1.4727862,9.6455088,2.6036863,2.6036863,.042915605,.0040001995,0,weak_interaction_instruments,0,,.9206439602759576
H04,hh_any_program_outcome,Household has a social-program participant,4,100,S01,Baseline CCPP deprivation,4,secondary,continuous,common_h_rdhte,rdhte,assignment_hte,ccpp_equal,ccpp,.0075,2552,1198,42,22,1198,22,64,1,38.459591,13.808571,.0053495187,11.39529,65.523895,49.863625,.77129555,.22852911,1.314062,,,,,,,0,secondary_assignment_supported,0,,.0525275230407715
H05,wellbeing_core_proxy_2013,Core wellbeing proxy,5,100,S01,Baseline CCPP deprivation,4,secondary,continuous,common_h_covariates,ivreg2,fuzzy_late_interaction,ccpp_equal,ccpp,.0075,2477,1198,41,22,1198,22,63,1,-5.0692329,7.8607945,.51900798,-20.476107,10.337642,19.465183,-.26042566,-1.051935,.5310837,2.2468927,9.2236862,4.4507647,4.4507647,.020107424,.54302269,0,weak_interaction_instruments,0,,
H05,wellbeing_core_proxy_2013,Core wellbeing proxy,5,100,S01,Baseline CCPP deprivation,4,secondary,continuous,common_h_iv,ivreg2,fuzzy_late_interaction,ccpp_equal,ccpp,.0075,2552,1198,42,22,1198,22,64,1,-5.6950893,9.2104015,.53635627,-23.747145,12.356966,19.441751,-.29293087,-1.2214509,.63558918,1.4727862,9.6455088,2.6036863,2.6036863,.042915605,.5494498,0,weak_interaction_instruments,0,,.9206439602759576
H05,wellbeing_core_proxy_2013,Core wellbeing proxy,5,100,S01,Baseline CCPP deprivation,4,secondary,continuous,common_h_rdhte,rdhte,assignment_hte,ccpp_equal,ccpp,.0075,2552,1198,42,22,1198,22,64,1,-2.163532,5.9601293,.71660423,-13.845171,9.5181065,19.441751,-.11128277,-.71213597,.48957044,,,,,,,0,secondary_assignment_supported,0,,.8411381585257394
H06,nbi_any_2013,Household has any unmet basic need,6,100,S01,Baseline CCPP deprivation,4,secondary,continuous,common_h_covariates,ivreg2,fuzzy_late_interaction,ccpp_equal,ccpp,.0075,2477,1198,41,22,1198,22,63,1,6.2374506,13.660705,.64796001,-20.537039,33.01194,49.973949,.12481404,-.41095486,.66058296,2.2468927,9.2236862,4.4507647,4.4507647,.020107424,.90207928,0,weak_interaction_instruments,0,,
H06,nbi_any_2013,Household has any unmet basic need,6,100,S01,Baseline CCPP deprivation,4,secondary,continuous,common_h_iv,ivreg2,fuzzy_late_interaction,ccpp_equal,ccpp,.0075,2552,1198,42,22,1198,22,64,1,-15.329637,37.015663,.67877215,-87.878998,57.21973,49.942066,-.30694839,-1.7596189,1.1457222,1.4727862,9.6455088,2.6036863,2.6036863,.042915605,.77935135,0,weak_interaction_instruments,0,,.9206439602759576
H06,nbi_any_2013,Household has any unmet basic need,6,100,S01,Baseline CCPP deprivation,4,secondary,continuous,common_h_rdhte,rdhte,assignment_hte,ccpp_equal,ccpp,.0075,2552,1198,42,22,1198,22,64,1,-8.2128563,20.125195,.68320882,-47.657513,31.2318,49.942066,-.16444768,-.95425594,.62536061,,,,,,,0,secondary_assignment_supported,0,,.8411381585257394
H07,wellbeing_assets_2013,Durable-assets wellbeing domain,7,100,S01,Baseline CCPP deprivation,4,secondary,continuous,common_h_covariates,ivreg2,fuzzy_late_interaction,ccpp_equal,ccpp,.0075,2477,1198,41,22,1198,22,63,1,-5.2224622,3.0323105,.085020326,-11.165681,.72075695,12.467211,-.41889581,-.89560384,.057812206,2.2468927,9.2236862,4.4507647,4.4507647,.020107424,.18554065,0,weak_interaction_instruments,0,,
H07,wellbeing_assets_2013,Durable-assets wellbeing domain,7,100,S01,Baseline CCPP deprivation,4,secondary,continuous,common_h_iv,ivreg2,fuzzy_late_interaction,ccpp_equal,ccpp,.0075,2552,1198,42,22,1198,22,64,1,-8.6167059,5.7742872,.13563247,-19.934101,2.7006896,12.585551,-.68465066,-1.5838878,.21458653,1.4727862,9.6455088,2.6036863,2.6036863,.042915605,.1064853,0,weak_interaction_instruments,0,,.9206439602759576
H07,wellbeing_assets_2013,Durable-assets wellbeing domain,7,100,S01,Baseline CCPP deprivation,4,secondary,continuous,common_h_rdhte,rdhte,assignment_hte,ccpp_equal,ccpp,.0075,2552,1198,42,22,1198,22,64,1,-.18346037,2.1772885,.93284899,-4.4508672,4.0839467,12.585551,-.014577064,-.35364899,.32449487,,,,,,,0,secondary_assignment_supported,0,,.9629408928655808
H08,hh_share_secondaryplus_2013,Members with secondary education or higher,8,100,S01,Baseline CCPP deprivation,4,secondary,continuous,common_h_covariates,ivreg2,fuzzy_late_interaction,ccpp_equal,ccpp,.0075,2477,1198,41,22,1198,22,63,1,19.461073,24.9503,.4353947,-29.440619,68.362762,38.808815,.50146008,-.75860649,1.7615267,2.2468927,9.2236862,4.4507647,4.4507647,.020107424,.26993406,0,weak_interaction_instruments,0,,
H08,hh_share_secondaryplus_2013,Members with secondary education or higher,8,100,S01,Baseline CCPP deprivation,4,secondary,continuous,common_h_iv,ivreg2,fuzzy_late_interaction,ccpp_equal,ccpp,.0075,2552,1198,42,22,1198,22,64,1,22.429712,27.20606,.40969068,-30.893185,75.752609,38.91877,.57632118,-.79378623,1.9464287,1.4727862,9.6455088,2.6036863,2.6036863,.042915605,.23179901,0,weak_interaction_instruments,0,,.9206439602759576
H08,hh_share_secondaryplus_2013,Members with secondary education or higher,8,100,S01,Baseline CCPP deprivation,4,secondary,continuous,common_h_rdhte,rdhte,assignment_hte,ccpp_equal,ccpp,.0075,2552,1198,42,22,1198,22,64,1,4.134665,12.263193,.73599589,-19.900753,28.170082,38.91877,.10623833,-.51134074,.72381741,,,,,,,0,secondary_assignment_supported,0,,.8411381585257394
H01,hh_members_2013,Rostered household members,1,1,S02,Distance to corresponding district capital,5,secondary,continuous,common_h_covariates,ivreg2,fuzzy_late_interaction,ccpp_equal,ccpp,.0075,2477,1198,41,22,1198,22,63,1,-.37802711,.61597484,.53941,-1.5853156,.82926136,1.8233032,-.20733091,-.86947447,.45481265,.70841324,1.9145728,1.6524805,1.6524805,.22938725,.78648746,0,underidentified,0,,
H01,hh_members_2013,Rostered household members,1,1,S02,Distance to corresponding district capital,5,secondary,continuous,common_h_iv,ivreg2,fuzzy_late_interaction,ccpp_equal,ccpp,.0075,2537,1198,42,22,1198,22,64,1,.23890045,.77922672,.75915807,-1.2883558,1.7661567,1.814649,.13165104,-.70997524,.97327733,.78496289,2.3681159,1.6125525,1.6125525,.21722876,.89939749,0,underidentified,0,,.9206439602759576
H01,hh_members_2013,Rostered household members,1,1,S02,Distance to corresponding district capital,5,secondary,continuous,common_h_rdhte,rdhte,assignment_hte,ccpp_equal,ccpp,.0075,2537,1198,42,22,1198,22,64,1,.17086275,.43796393,.69644064,-.68753082,1.0292563,1.814649,.094157465,-.37887812,.56719303,,,,,,,0,secondary_assignment_supported,0,,.8411381585257394
H02,hh_share_female_2013,Female household members,2,100,S02,Distance to corresponding district capital,5,secondary,continuous,common_h_covariates,ivreg2,fuzzy_late_interaction,ccpp_equal,ccpp,.0075,2477,1198,41,22,1198,22,63,1,8.3727579,13.235601,.526999,-17.568544,34.31406,30.228008,.27698678,-.5812009,1.1351744,.70841324,1.9145728,1.6524805,1.6524805,.22938725,.15941742,0,underidentified,0,,
H02,hh_share_female_2013,Female household members,2,100,S02,Distance to corresponding district capital,5,secondary,continuous,common_h_iv,ivreg2,fuzzy_late_interaction,ccpp_equal,ccpp,.0075,2537,1198,42,22,1198,22,64,1,-4.7307048,12.036175,.69428957,-28.321175,18.859764,30.144201,-.1569358,-.9395231,.62565148,.78496289,2.3681159,1.6125525,1.6125525,.21722876,.91476542,0,underidentified,0,,.9206439602759576
H02,hh_share_female_2013,Female household members,2,100,S02,Distance to corresponding district capital,5,secondary,continuous,common_h_rdhte,rdhte,assignment_hte,ccpp_equal,ccpp,.0075,2537,1198,42,22,1198,22,64,1,-2.7456369,6.1412096,.65481436,-14.782187,9.2909126,30.144201,-.091083422,-.49038243,.30821559,,,,,,,0,secondary_assignment_supported,0,,.8411381585257394
H03,hh_employment_rate_outcome,Employed working-age members,3,100,S02,Distance to corresponding district capital,5,secondary,continuous,common_h_covariates,ivreg2,fuzzy_late_interaction,ccpp_equal,ccpp,.0075,2477,1198,41,22,1198,22,63,1,23.852745,21.611832,.26972798,-18.505665,66.211159,34.306561,.69528234,-.5394206,1.9299853,.70841324,1.9145728,1.6524805,1.6524805,.22938725,.13292025,0,underidentified,0,,
H03,hh_employment_rate_outcome,Employed working-age members,3,100,S02,Distance to corresponding district capital,5,secondary,continuous,common_h_iv,ivreg2,fuzzy_late_interaction,ccpp_equal,ccpp,.0075,2537,1198,42,22,1198,22,64,1,14.896887,22.601711,.50982875,-29.401655,59.195427,34.115593,.43665916,-.86182451,1.7351428,.78496289,2.3681159,1.6125525,1.6125525,.21722876,.38630408,0,underidentified,0,,.9206439602759576
H03,hh_employment_rate_outcome,Employed working-age members,3,100,S02,Distance to corresponding district capital,5,secondary,continuous,common_h_rdhte,rdhte,assignment_hte,ccpp_equal,ccpp,.0075,2537,1198,42,22,1198,22,64,1,-.85029501,8.5541983,.92081994,-17.616215,15.915625,34.115593,-.024923939,-.51636839,.46652052,,,,,,,0,secondary_assignment_supported,0,,.9629408928655808
H04,hh_any_program_outcome,Household has a social-program participant,4,100,S02,Distance to corresponding district capital,5,secondary,continuous,common_h_covariates,ivreg2,fuzzy_late_interaction,ccpp_equal,ccpp,.0075,2477,1198,41,22,1198,22,63,1,-52.560219,37.907497,.16558243,-126.85755,21.737114,49.877628,-1.0537834,-2.5433757,.43580887,.70841324,1.9145728,1.6524805,1.6524805,.22938725,.0057135271,0,underidentified,0,,
H04,hh_any_program_outcome,Household has a social-program participant,4,100,S02,Distance to corresponding district capital,5,secondary,continuous,common_h_iv,ivreg2,fuzzy_late_interaction,ccpp_equal,ccpp,.0075,2537,1198,42,22,1198,22,64,1,-63.310989,59.322624,.28586718,-179.58119,52.959217,49.847439,-1.2700951,-3.6026163,1.062426,.78496289,2.3681159,1.6125525,1.6125525,.21722876,.07473097,0,underidentified,0,,.9206439602759576
H04,hh_any_program_outcome,Household has a social-program participant,4,100,S02,Distance to corresponding district capital,5,secondary,continuous,common_h_rdhte,rdhte,assignment_hte,ccpp_equal,ccpp,.0075,2537,1198,42,22,1198,22,64,1,-43.858246,16.591507,.0082074255,-76.377007,-11.33949,49.847439,-.87984955,-1.5322152,-.22748391,,,,,,,0,secondary_assignment_supported,0,,.0525275230407715
H05,wellbeing_core_proxy_2013,Core wellbeing proxy,5,100,S02,Distance to corresponding district capital,5,secondary,continuous,common_h_covariates,ivreg2,fuzzy_late_interaction,ccpp_equal,ccpp,.0075,2477,1198,41,22,1198,22,63,1,30.959709,27.946363,.26793694,-23.814156,85.733574,19.465183,1.5905173,-1.2234231,4.4044576,.70841324,1.9145728,1.6524805,1.6524805,.22938725,.083935522,0,underidentified,0,,
H05,wellbeing_core_proxy_2013,Core wellbeing proxy,5,100,S02,Distance to corresponding district capital,5,secondary,continuous,common_h_iv,ivreg2,fuzzy_late_interaction,ccpp_equal,ccpp,.0075,2537,1198,42,22,1198,22,64,1,42.707748,38.125969,.26263928,-32.017776,117.43327,19.487659,2.1915281,-1.642977,6.0260329,.78496289,2.3681159,1.6125525,1.6125525,.21722876,.016973693,0,underidentified,0,,.9206439602759576
H05,wellbeing_core_proxy_2013,Core wellbeing proxy,5,100,S02,Distance to corresponding district capital,5,secondary,continuous,common_h_rdhte,rdhte,assignment_hte,ccpp_equal,ccpp,.0075,2537,1198,42,22,1198,22,64,1,31.209051,5.6651878,3.6104741e-08,20.105488,42.312614,19.487659,1.6014777,1.0317036,2.1712518,,,,,,,0,secondary_assignment_supported,0,,1.15535169698e-06
H06,nbi_any_2013,Household has any unmet basic need,6,100,S02,Distance to corresponding district capital,5,secondary,continuous,common_h_covariates,ivreg2,fuzzy_late_interaction,ccpp_equal,ccpp,.0075,2477,1198,41,22,1198,22,63,1,11.471863,27.07214,.67174697,-41.588558,64.53228,49.973949,.22955684,-.83220476,1.2913184,.70841324,1.9145728,1.6524805,1.6524805,.22938725,.88596523,0,underidentified,0,,
H06,nbi_any_2013,Household has any unmet basic need,6,100,S02,Distance to corresponding district capital,5,secondary,continuous,common_h_iv,ivreg2,fuzzy_late_interaction,ccpp_equal,ccpp,.0075,2537,1198,42,22,1198,22,64,1,18.893181,42.301029,.6551376,-64.01532,101.80167,49.955452,.37820056,-1.281448,2.0378492,.78496289,2.3681159,1.6125525,1.6125525,.21722876,.78604561,0,underidentified,0,,.9206439602759576
H06,nbi_any_2013,Household has any unmet basic need,6,100,S02,Distance to corresponding district capital,5,secondary,continuous,common_h_rdhte,rdhte,assignment_hte,ccpp_equal,ccpp,.0075,2537,1198,42,22,1198,22,64,1,16.39913,17.550791,.35010725,-17.999788,50.79805,49.955452,.32827508,-.36031678,1.0168669,,,,,,,0,secondary_assignment_supported,0,,.7468954722086588
H07,wellbeing_assets_2013,Durable-assets wellbeing domain,7,100,S02,Distance to corresponding district capital,5,secondary,continuous,common_h_covariates,ivreg2,fuzzy_late_interaction,ccpp_equal,ccpp,.0075,2477,1198,41,22,1198,22,63,1,-2.8773589,4.1607141,.4892174,-11.032209,5.2774911,12.467211,-.23079413,-.88489795,.42330971,.70841324,1.9145728,1.6524805,1.6524805,.22938725,.77327991,0,underidentified,0,,
H07,wellbeing_assets_2013,Durable-assets wellbeing domain,7,100,S02,Distance to corresponding district capital,5,secondary,continuous,common_h_iv,ivreg2,fuzzy_late_interaction,ccpp_equal,ccpp,.0075,2537,1198,42,22,1198,22,64,1,7.9948845,13.187925,.54436362,-17.852974,33.842743,12.370214,.64630121,-1.4432228,2.7358251,.78496289,2.3681159,1.6125525,1.6125525,.21722876,.58053458,0,underidentified,0,,.9206439602759576
H07,wellbeing_assets_2013,Durable-assets wellbeing domain,7,100,S02,Distance to corresponding district capital,5,secondary,continuous,common_h_rdhte,rdhte,assignment_hte,ccpp_equal,ccpp,.0075,2537,1198,42,22,1198,22,64,1,7.0448875,4.5498676,.12153275,-1.8726889,15.962464,12.370214,.56950408,-.15138695,1.2903951,,,,,,,0,secondary_assignment_supported,0,,.4861310124397278
H08,hh_share_secondaryplus_2013,Members with secondary education or higher,8,100,S02,Distance to corresponding district capital,5,secondary,continuous,common_h_covariates,ivreg2,fuzzy_late_interaction,ccpp_equal,ccpp,.0075,2477,1198,41,22,1198,22,63,1,26.570503,32.897835,.41928217,-37.908066,91.049072,38.808815,.6846512,-.97679007,2.3460925,.70841324,1.9145728,1.6524805,1.6524805,.22938725,.27842343,0,underidentified,0,,
H08,hh_share_secondaryplus_2013,Members with secondary education or higher,8,100,S02,Distance to corresponding district capital,5,secondary,continuous,common_h_iv,ivreg2,fuzzy_late_interaction,ccpp_equal,ccpp,.0075,2537,1198,42,22,1198,22,64,1,19.445198,26.089291,.45607069,-31.688873,70.579269,38.635029,.5033049,-.82021093,1.8268207,.78496289,2.3681159,1.6125525,1.6125525,.21722876,.32759577,0,underidentified,0,,.9206439602759576
H08,hh_share_secondaryplus_2013,Members with secondary education or higher,8,100,S02,Distance to corresponding district capital,5,secondary,continuous,common_h_rdhte,rdhte,assignment_hte,ccpp_equal,ccpp,.0075,2537,1198,42,22,1198,22,64,1,23.865906,8.9994469,.0080033066,6.227314,41.504498,38.635029,.61772716,.16118312,1.0742712,,,,,,,0,secondary_assignment_supported,0,,.0525275230407715
H01,hh_members_2013,Rostered household members,1,1,S03,Baseline CCPP economic development,6,secondary,continuous,common_h_covariates,ivreg2,fuzzy_late_interaction,ccpp_equal,ccpp,.0075,2477,1198,41,22,1198,22,63,1,.39407352,.86437732,.64845866,-1.3000749,2.088222,1.8233032,.21613164,-.71303272,1.145296,1.8399853,5.4997993,4.0907879,4.0907879,.046490308,.86232358,0,weak_interaction_instruments,0,,
H01,hh_members_2013,Rostered household members,1,1,S03,Baseline CCPP economic development,6,secondary,continuous,common_h_iv,ivreg2,fuzzy_late_interaction,ccpp_equal,ccpp,.0075,2612,1198,43,22,1198,22,65,1,.1199991,.88277787,.89187384,-1.6102136,1.8502119,1.8145717,.066130809,-.88737947,1.019641,1.1174964,3.1826537,2.401804,2.401804,.08724127,.95709443,0,underidentified,0,,.9206439602759576
H01,hh_members_2013,Rostered household members,1,1,S03,Baseline CCPP economic development,6,secondary,continuous,common_h_rdhte,rdhte,assignment_hte,ccpp_equal,ccpp,.0075,2612,1198,43,22,1198,22,65,1,-.75420839,.48396376,.11913882,-1.7027599,.19434315,1.8145717,-.41563988,-.93838114,.10710139,,,,,,,0,secondary_assignment_supported,0,,.4861310124397278
H02,hh_share_female_2013,Female household members,2,100,S03,Baseline CCPP economic development,6,secondary,continuous,common_h_covariates,ivreg2,fuzzy_late_interaction,ccpp_equal,ccpp,.0075,2477,1198,41,22,1198,22,63,1,16.615185,10.992706,.13066784,-4.9301233,38.160492,30.228008,.54966193,-.16309786,1.2624217,1.8399853,5.4997993,4.0907879,4.0907879,.046490308,.052758008,0,weak_interaction_instruments,0,,
H02,hh_share_female_2013,Female household members,2,100,S03,Baseline CCPP economic development,6,secondary,continuous,common_h_iv,ivreg2,fuzzy_late_interaction,ccpp_equal,ccpp,.0075,2612,1198,43,22,1198,22,65,1,17.513977,13.855614,.20621759,-9.6425276,44.670479,30.083708,.58217478,-.32052326,1.4848728,1.1174964,3.1826537,2.401804,2.401804,.08724127,.3777808,0,underidentified,0,,.9206439602759576
H02,hh_share_female_2013,Female household members,2,100,S03,Baseline CCPP economic development,6,secondary,continuous,common_h_rdhte,rdhte,assignment_hte,ccpp_equal,ccpp,.0075,2612,1198,43,22,1198,22,65,1,12.511617,9.1404524,.17105615,-5.4033408,30.426575,30.083708,.41589344,-.17961021,1.0113971,,,,,,,0,secondary_assignment_supported,0,,.5473796844482423
H03,hh_employment_rate_outcome,Employed working-age members,3,100,S03,Baseline CCPP economic development,6,secondary,continuous,common_h_covariates,ivreg2,fuzzy_late_interaction,ccpp_equal,ccpp,.0075,2477,1198,41,22,1198,22,63,1,-2.464474,17.055462,.88510752,-35.892563,30.963615,34.306561,-.071836814,-1.0462303,.90255672,1.8399853,5.4997993,4.0907879,4.0907879,.046490308,.98913342,0,weak_interaction_instruments,0,,
H03,hh_employment_rate_outcome,Employed working-age members,3,100,S03,Baseline CCPP economic development,6,secondary,continuous,common_h_iv,ivreg2,fuzzy_late_interaction,ccpp_equal,ccpp,.0075,2612,1198,43,22,1198,22,65,1,15.584341,25.225433,.53670537,-33.856598,65.025284,33.965794,.45882457,-.9967851,1.9144342,1.1174964,3.1826537,2.401804,2.401804,.08724127,.60864878,0,underidentified,0,,.9206439602759576
H03,hh_employment_rate_outcome,Employed working-age members,3,100,S03,Baseline CCPP economic development,6,secondary,continuous,common_h_rdhte,rdhte,assignment_hte,ccpp_equal,ccpp,.0075,2612,1198,43,22,1198,22,65,1,17.084513,14.386312,.23500943,-11.112141,45.281166,33.965794,.50299168,-.32715678,1.3331401,,,,,,,0,secondary_assignment_supported,0,,.5784847552959735
H04,hh_any_program_outcome,Household has a social-program participant,4,100,S03,Baseline CCPP economic development,6,secondary,continuous,common_h_covariates,ivreg2,fuzzy_late_interaction,ccpp_equal,ccpp,.0075,2477,1198,41,22,1198,22,63,1,-17.697788,21.799845,.41688868,-60.424702,25.029123,49.877628,-.35482419,-1.211459,.50181061,1.8399853,5.4997993,4.0907879,4.0907879,.046490308,.42100263,0,weak_interaction_instruments,0,,
H04,hh_any_program_outcome,Household has a social-program participant,4,100,S03,Baseline CCPP economic development,6,secondary,continuous,common_h_iv,ivreg2,fuzzy_late_interaction,ccpp_equal,ccpp,.0075,2612,1198,43,22,1198,22,65,1,-49.261833,53.214649,.35459185,-153.56062,55.036964,49.833134,-.9885357,-3.0814965,1.1044251,1.1174964,3.1826537,2.401804,2.401804,.08724127,.34713054,0,underidentified,0,,.9206439602759576
H04,hh_any_program_outcome,Household has a social-program participant,4,100,S03,Baseline CCPP economic development,6,secondary,continuous,common_h_rdhte,rdhte,assignment_hte,ccpp_equal,ccpp,.0075,2612,1198,43,22,1198,22,65,1,-27.035831,31.137354,.385243,-88.063927,33.99226,49.833134,-.5425272,-1.7671762,.68212169,,,,,,,0,secondary_assignment_supported,0,,.7704859972000122
H05,wellbeing_core_proxy_2013,Core wellbeing proxy,5,100,S03,Baseline CCPP economic development,6,secondary,continuous,common_h_covariates,ivreg2,fuzzy_late_interaction,ccpp_equal,ccpp,.0075,2477,1198,41,22,1198,22,63,1,-3.0357878,14.889532,.83844149,-32.218735,26.14716,19.465183,-.15595989,-1.6551982,1.3432784,1.8399853,5.4997993,4.0907879,4.0907879,.046490308,.6435191,0,weak_interaction_instruments,0,,
H05,wellbeing_core_proxy_2013,Core wellbeing proxy,5,100,S03,Baseline CCPP economic development,6,secondary,continuous,common_h_iv,ivreg2,fuzzy_late_interaction,ccpp_equal,ccpp,.0075,2612,1198,43,22,1198,22,65,1,1.0577151,20.40086,.95865095,-38.927235,41.042667,19.466887,.054334063,-1.9996643,2.1083324,1.1174964,3.1826537,2.401804,2.401804,.08724127,.68904012,0,underidentified,0,,.9586509466171265
H05,wellbeing_core_proxy_2013,Core wellbeing proxy,5,100,S03,Baseline CCPP economic development,6,secondary,continuous,common_h_rdhte,rdhte,assignment_hte,ccpp_equal,ccpp,.0075,2612,1198,43,22,1198,22,65,1,10.301983,15.093946,.49490759,-19.281609,39.885574,19.466887,.52920544,-.99048245,2.0488935,,,,,,,0,secondary_assignment_supported,0,,.8411381585257394
H06,nbi_any_2013,Household has any unmet basic need,6,100,S03,Baseline CCPP economic development,6,secondary,continuous,common_h_covariates,ivreg2,fuzzy_late_interaction,ccpp_equal,ccpp,.0075,2477,1198,41,22,1198,22,63,1,29.619148,27.988232,.28993165,-25.236776,84.475075,49.973949,.59269178,-.50499862,1.6903821,1.8399853,5.4997993,4.0907879,4.0907879,.046490308,.56563169,0,weak_interaction_instruments,0,,
H06,nbi_any_2013,Household has any unmet basic need,6,100,S03,Baseline CCPP economic development,6,secondary,continuous,common_h_iv,ivreg2,fuzzy_late_interaction,ccpp_equal,ccpp,.0075,2612,1198,43,22,1198,22,65,1,47.403496,57.726555,.41154763,-65.738472,160.54547,49.919109,.94960624,-1.3168999,3.2161124,1.1174964,3.1826537,2.401804,2.401804,.08724127,.49354798,0,underidentified,0,,.9206439602759576
H06,nbi_any_2013,Household has any unmet basic need,6,100,S03,Baseline CCPP economic development,6,secondary,continuous,common_h_rdhte,rdhte,assignment_hte,ccpp_equal,ccpp,.0075,2612,1198,43,22,1198,22,65,1,15.722942,26.147234,.54762465,-35.524696,66.970581,49.919109,.31496841,-.71164525,1.3415821,,,,,,,0,secondary_assignment_supported,0,,.8411381585257394
H07,wellbeing_assets_2013,Durable-assets wellbeing domain,7,100,S03,Baseline CCPP economic development,6,secondary,continuous,common_h_covariates,ivreg2,fuzzy_late_interaction,ccpp_equal,ccpp,.0075,2477,1198,41,22,1198,22,63,1,8.2606192,5.7117701,.14810847,-2.9342442,19.455482,12.467211,.66258764,-.23535691,1.5605322,1.8399853,5.4997993,4.0907879,4.0907879,.046490308,.078779675,0,weak_interaction_instruments,0,,
H07,wellbeing_assets_2013,Durable-assets wellbeing domain,7,100,S03,Baseline CCPP economic development,6,secondary,continuous,common_h_iv,ivreg2,fuzzy_late_interaction,ccpp_equal,ccpp,.0075,2612,1198,43,22,1198,22,65,1,12.786212,10.774148,.23532654,-8.3307304,33.903156,12.490084,1.0237091,-.66698754,2.7144058,1.1174964,3.1826537,2.401804,2.401804,.08724127,.063349321,0,underidentified,0,,.9206439602759576
H07,wellbeing_assets_2013,Durable-assets wellbeing domain,7,100,S03,Baseline CCPP economic development,6,secondary,continuous,common_h_rdhte,rdhte,assignment_hte,ccpp_equal,ccpp,.0075,2612,1198,43,22,1198,22,65,1,7.6088076,3.1035962,.01422187,1.5258708,13.691744,12.490084,.60918784,.12216657,1.0962092,,,,,,,0,secondary_assignment_supported,0,,.0758499751488368
H08,hh_share_secondaryplus_2013,Members with secondary education or higher,8,100,S03,Baseline CCPP economic development,6,secondary,continuous,common_h_covariates,ivreg2,fuzzy_late_interaction,ccpp_equal,ccpp,.0075,2477,1198,41,22,1198,22,63,1,-2.364965,24.282612,.922414,-49.958008,45.228077,38.808815,-.060938861,-1.2872851,1.1654073,1.8399853,5.4997993,4.0907879,4.0907879,.046490308,.25997689,0,weak_interaction_instruments,0,,
H08,hh_share_secondaryplus_2013,Members with secondary education or higher,8,100,S03,Baseline CCPP economic development,6,secondary,continuous,common_h_iv,ivreg2,fuzzy_late_interaction,ccpp_equal,ccpp,.0075,2612,1198,43,22,1198,22,65,1,4.6484799,31.13504,.88131648,-56.37508,65.672035,38.750683,.11995865,-1.454815,1.6947324,1.1174964,3.1826537,2.401804,2.401804,.08724127,.30127096,0,underidentified,0,,.9206439602759576
H08,hh_share_secondaryplus_2013,Members with secondary education or higher,8,100,S03,Baseline CCPP economic development,6,secondary,continuous,common_h_rdhte,rdhte,assignment_hte,ccpp_equal,ccpp,.0075,2612,1198,43,22,1198,22,65,1,15.426884,19.715441,.43393418,-23.214672,54.068439,38.750683,.3981061,-.5990777,1.3952899,,,,,,,0,secondary_assignment_supported,0,,.8168172836303711
H01,hh_members_2013,Rostered household members,1,1,S05,CCPP altitude,8,secondary,continuous,common_h_covariates,ivreg2,fuzzy_late_interaction,ccpp_equal,ccpp,.0075,2477,1198,41,22,1198,22,63,1,-.53927273,3.3406889,.87175822,-7.0869026,6.008357,1.8233032,-.29576689,-3.886848,3.2953143,.23911634,1.0663445,.52011579,.52011579,.42779678,.91706055,0,underidentified,0,,
H01,hh_members_2013,Rostered household members,1,1,S05,CCPP altitude,8,secondary,continuous,common_h_iv,ivreg2,fuzzy_late_interaction,ccpp_equal,ccpp,.0075,2537,1198,42,22,1198,22,64,1,-1.9544151,7.0432987,.78140718,-15.759027,11.850197,1.814649,-1.077021,-8.6843386,6.5302968,.14746559,.36829689,.30674756,.30674756,.56993216,.92137247,0,underidentified,0,,.9206439602759576
H01,hh_members_2013,Rostered household members,1,1,S05,CCPP altitude,8,secondary,continuous,common_h_rdhte,rdhte,assignment_hte,ccpp_equal,ccpp,.0075,2537,1198,42,22,1198,22,64,1,-.21518524,.52305728,.68077999,-1.2403586,.80998814,1.814649,-.11858229,-.68352538,.4463608,,,,,,,0,secondary_assignment_supported,0,,.8411381585257394
H02,hh_share_female_2013,Female household members,2,100,S05,CCPP altitude,8,secondary,continuous,common_h_covariates,ivreg2,fuzzy_late_interaction,ccpp_equal,ccpp,.0075,2477,1198,41,22,1198,22,63,1,-5.4170341,26.108545,.83563399,-56.58884,45.754772,30.228008,-.17920579,-1.8720665,1.5136549,.23911634,1.0663445,.52011579,.52011579,.42779678,.61685789,0,underidentified,0,,
H02,hh_share_female_2013,Female household members,2,100,S05,CCPP altitude,8,secondary,continuous,common_h_iv,ivreg2,fuzzy_late_interaction,ccpp_equal,ccpp,.0075,2537,1198,42,22,1198,22,64,1,13.55042,63.231983,.83031553,-110.38199,137.48283,30.144201,.44951996,-3.6617985,4.5608382,.14746559,.36829689,.30674756,.30674756,.56993216,.63361412,0,underidentified,0,,.9206439602759576
H02,hh_share_female_2013,Female household members,2,100,S05,CCPP altitude,8,secondary,continuous,common_h_rdhte,rdhte,assignment_hte,ccpp_equal,ccpp,.0075,2537,1198,42,22,1198,22,64,1,5.3055549,4.2137456,.20799184,-2.9532349,13.564345,30.144201,.17600583,-.097970247,.4499819,,,,,,,0,secondary_assignment_supported,0,,.5546449025472004
H03,hh_employment_rate_outcome,Employed working-age members,3,100,S05,CCPP altitude,8,secondary,continuous,common_h_covariates,ivreg2,fuzzy_late_interaction,ccpp_equal,ccpp,.0075,2477,1198,41,22,1198,22,63,1,-29.791439,71.965591,.67889768,-170.8414,111.25853,34.306561,-.86838901,-4.979847,3.2430687,.23911634,1.0663445,.52011579,.52011579,.42779678,.81041557,0,underidentified,0,,
H03,hh_employment_rate_outcome,Employed working-age members,3,100,S05,CCPP altitude,8,secondary,continuous,common_h_iv,ivreg2,fuzzy_late_interaction,ccpp_equal,ccpp,.0075,2537,1198,42,22,1198,22,64,1,-13.892458,82.811729,.86677247,-176.20045,148.41554,34.115593,-.40721723,-5.1648068,4.3503728,.14746559,.36829689,.30674756,.30674756,.56993216,.88998735,0,underidentified,0,,.9206439602759576
H03,hh_employment_rate_outcome,Employed working-age members,3,100,S05,CCPP altitude,8,secondary,continuous,common_h_rdhte,rdhte,assignment_hte,ccpp_equal,ccpp,.0075,2537,1198,42,22,1198,22,64,1,2.1976829,8.7571402,.80184585,-14.965996,19.361362,34.115593,.064418718,-.43868491,.56752235,,,,,,,0,secondary_assignment_supported,0,,.8847954191010574
H04,hh_any_program_outcome,Household has a social-program participant,4,100,S05,CCPP altitude,8,secondary,continuous,common_h_covariates,ivreg2,fuzzy_late_interaction,ccpp_equal,ccpp,.0075,2477,1198,41,22,1198,22,63,1,86.496658,103.26798,.40225869,-115.90487,288.89819,49.877628,1.7341775,-2.3237848,5.79214,.23911634,1.0663445,.52011579,.52011579,.42779678,.52777213,0,underidentified,0,,
H04,hh_any_program_outcome,Household has a social-program participant,4,100,S05,CCPP altitude,8,secondary,continuous,common_h_iv,ivreg2,fuzzy_late_interaction,ccpp_equal,ccpp,.0075,2537,1198,42,22,1198,22,64,1,94.714874,145.8446,.51606488,-191.13531,380.56506,49.847439,1.9000951,-3.8344059,7.6345959,.14746559,.36829689,.30674756,.30674756,.56993216,.67608964,0,underidentified,0,,.9206439602759576
H04,hh_any_program_outcome,Household has a social-program participant,4,100,S05,CCPP altitude,8,secondary,continuous,common_h_rdhte,rdhte,assignment_hte,ccpp_equal,ccpp,.0075,2537,1198,42,22,1198,22,64,1,6.1748638,13.768251,.65380269,-20.810413,33.160141,49.847439,.12387525,-.41748208,.6652326,,,,,,,0,secondary_assignment_supported,0,,.8411381585257394
H05,wellbeing_core_proxy_2013,Core wellbeing proxy,5,100,S05,CCPP altitude,8,secondary,continuous,common_h_covariates,ivreg2,fuzzy_late_interaction,ccpp_equal,ccpp,.0075,2477,1198,41,22,1198,22,63,1,-3.5208046,44.181728,.93648452,-90.115402,83.073792,19.465183,-.18087704,-4.6295691,4.2678146,.23911634,1.0663445,.52011579,.52011579,.42779678,.79374409,0,underidentified,0,,
H05,wellbeing_core_proxy_2013,Core wellbeing proxy,5,100,S05,CCPP altitude,8,secondary,continuous,common_h_iv,ivreg2,fuzzy_late_interaction,ccpp_equal,ccpp,.0075,2537,1198,42,22,1198,22,64,1,-24.825327,74.527603,.73905694,-170.89674,121.24609,19.487659,-1.2738999,-8.7694855,6.2216854,.14746559,.36829689,.30674756,.30674756,.56993216,.72456378,0,underidentified,0,,.9206439602759576
H05,wellbeing_core_proxy_2013,Core wellbeing proxy,5,100,S05,CCPP altitude,8,secondary,continuous,common_h_rdhte,rdhte,assignment_hte,ccpp_equal,ccpp,.0075,2537,1198,42,22,1198,22,64,1,-18.995148,6.7808571,.0050898716,-32.285385,-5.7049131,19.487659,-.97472703,-1.6567092,-.2927449,,,,,,,0,secondary_assignment_supported,0,,.0525275230407715
H06,nbi_any_2013,Household has any unmet basic need,6,100,S05,CCPP altitude,8,secondary,continuous,common_h_covariates,ivreg2,fuzzy_late_interaction,ccpp_equal,ccpp,.0075,2477,1198,41,22,1198,22,63,1,-200.84018,283.55807,.47876775,-756.60382,354.92343,49.973949,-4.0188975,-15.139964,7.102169,.23911634,1.0663445,.52011579,.52011579,.42779678,.138679,0,underidentified,0,,
H06,nbi_any_2013,Household has any unmet basic need,6,100,S05,CCPP altitude,8,secondary,continuous,common_h_iv,ivreg2,fuzzy_late_interaction,ccpp_equal,ccpp,.0075,2537,1198,42,22,1198,22,64,1,-253.51826,495.52844,.6089226,-1224.7361,717.69965,49.955452,-5.0748868,-24.516565,14.366793,.14746559,.36829689,.30674756,.30674756,.56993216,.26345229,0,underidentified,0,,.9206439602759576
H06,nbi_any_2013,Household has any unmet basic need,6,100,S05,CCPP altitude,8,secondary,continuous,common_h_rdhte,rdhte,assignment_hte,ccpp_equal,ccpp,.0075,2537,1198,42,22,1198,22,64,1,-.61951935,13.386856,.96308851,-26.857275,25.618237,49.955452,-.012401436,-.53762454,.51282161,,,,,,,0,secondary_assignment_supported,0,,.9630885124206543
H07,wellbeing_assets_2013,Durable-assets wellbeing domain,7,100,S05,CCPP altitude,8,secondary,continuous,common_h_covariates,ivreg2,fuzzy_late_interaction,ccpp_equal,ccpp,.0075,2477,1198,41,22,1198,22,63,1,19.037075,32.307854,.55570042,-44.285156,82.359306,12.467211,1.5269715,-3.5521305,6.6060734,.23911634,1.0663445,.52011579,.52011579,.42779678,.059097331,0,underidentified,0,,
H07,wellbeing_assets_2013,Durable-assets wellbeing domain,7,100,S05,CCPP altitude,8,secondary,continuous,common_h_iv,ivreg2,fuzzy_late_interaction,ccpp_equal,ccpp,.0075,2537,1198,42,22,1198,22,64,1,12.513037,30.41984,.68081987,-47.108753,72.134827,12.370214,1.0115457,-3.8082407,5.8313322,.14746559,.36829689,.30674756,.30674756,.56993216,.69784772,0,underidentified,0,,.9206439602759576
H07,wellbeing_assets_2013,Durable-assets wellbeing domain,7,100,S05,CCPP altitude,8,secondary,continuous,common_h_rdhte,rdhte,assignment_hte,ccpp_equal,ccpp,.0075,2537,1198,42,22,1198,22,64,1,-3.59077,2.735625,.18931916,-8.9524965,1.7709563,12.370214,-.29027548,-.72371393,.14316295,,,,,,,0,secondary_assignment_supported,0,,.550746657631614
H08,hh_share_secondaryplus_2013,Members with secondary education or higher,8,100,S05,CCPP altitude,8,secondary,continuous,common_h_covariates,ivreg2,fuzzy_late_interaction,ccpp_equal,ccpp,.0075,2477,1198,41,22,1198,22,63,1,105.72472,160.48149,.51002616,-208.81322,420.26266,38.808815,2.7242448,-5.3805614,10.829051,.23911634,1.0663445,.52011579,.52011579,.42779678,.049459055,0,underidentified,0,,
H08,hh_share_secondaryplus_2013,Members with secondary education or higher,8,100,S05,CCPP altitude,8,secondary,continuous,common_h_iv,ivreg2,fuzzy_late_interaction,ccpp_equal,ccpp,.0075,2537,1198,42,22,1198,22,64,1,143.44716,284.13129,.61365563,-413.43994,700.33423,38.635029,3.7128782,-10.701169,18.126925,.14746559,.36829689,.30674756,.30674756,.56993216,.14251477,0,underidentified,0,,.9206439602759576
H08,hh_share_secondaryplus_2013,Members with secondary education or higher,8,100,S05,CCPP altitude,8,secondary,continuous,common_h_rdhte,rdhte,assignment_hte,ccpp_equal,ccpp,.0075,2537,1198,42,22,1198,22,64,1,-3.6880605,8.1595745,.65127492,-19.680532,12.304412,38.635029,-.095458984,-.50939614,.31847814,,,,,,,0,secondary_assignment_supported,0,,.8411381585257394
