outcome_id,outcome_var,outcome_label,paper_order,scale,moderator_id,moderator_label,moderator_tier,moderator_type,spec_id,estimator,estimand,h,n_left,n_right,min_cell,clusters,support_pass,estimate,standard_error,pvalue,ci_low,ci_high,control_sd,standardized_estimate,standardized_ci_low,standardized_ci_high,kp_f,sw_f_treat,sw_f_interaction,min_sw_f,underid_p,ar_p,gate_pass,gate_status,estimation_rc,p_holm,q_bh
P01,ln_sisfoh2013_population,Log rostered population,1,1,M01,Log baseline CCPP population,primary,continuous,common_h_covariates,ivreg2,fuzzy_late_interaction,.0075,41,22,22,43,1,-.34506384,.19424666,.075663559,-.72578031,.035652623,1.1692562,-.29511398,-.62071967,.03049171,1.6345944,7.8253927,4.0770297,4.0770297,.050686404,.31791368,0,underidentified,0,,
P01,ln_sisfoh2013_population,Log rostered population,1,1,M01,Log baseline CCPP population,primary,continuous,common_h_iv,ivreg2,fuzzy_late_interaction,.0075,43,22,22,45,1,-.4263733,.21679837,.049219947,-.85129029,-.0014563319,1.1517433,-.37019822,-.73913199,-.0012644588,.89259422,3.6688211,2.488028,2.488028,.099562041,.25031987,0,underidentified,0,.3937595784664154,
P01,ln_sisfoh2013_population,Log rostered population,1,1,M01,Log baseline CCPP population,primary,continuous,large_h_iv,ivreg2,fuzzy_late_interaction,.01,59,31,31,54,1,-.68864739,1.2918035,.59397137,-3.2205358,1.843241,1.1282032,-.61039305,-2.8545709,1.6337847,.10953294,.251344,.24637192,.24637192,.62404257,.66125244,0,underidentified,0,,
P01,ln_sisfoh2013_population,Log rostered population,1,1,M01,Log baseline CCPP population,primary,continuous,small_h_iv,ivreg2,fuzzy_late_interaction,.005,29,15,15,36,1,-.30899072,.75130284,.6808722,-1.7815173,1.1635358,1.3569142,-.22771576,-1.3129182,.85748667,.12108442,.32200494,.24611872,.24611872,.57791066,.81268626,0,underidentified,0,,
P01,ln_sisfoh2013_population,Log rostered population,1,1,M01,Log baseline CCPP population,primary,continuous,common_h_rdhte,rdhte,assignment_hte,.0075,43,22,22,45,1,-.1038171,.21481757,.62889671,-.5248518,.31721759,1.1517433,-.090139098,-.45570207,.27542385,,,,,,,1,assignment_hte_supported,0,1,
P02,ln_sisfoh2013_households,Log rostered households,2,1,M01,Log baseline CCPP population,primary,continuous,common_h_covariates,ivreg2,fuzzy_late_interaction,.0075,41,22,22,43,1,-.21844901,.18482108,.23722613,-.58069164,.14379366,1.0526391,-.20752507,-.55165315,.136603,1.6345944,7.8253927,4.0770297,4.0770297,.050686404,.44185206,0,underidentified,0,,
P02,ln_sisfoh2013_households,Log rostered households,2,1,M01,Log baseline CCPP population,primary,continuous,common_h_iv,ivreg2,fuzzy_late_interaction,.0075,43,22,22,45,1,-.28764006,.30313519,.34267971,-.88177413,.30649397,1.0373689,-.27727848,-.85001016,.29545319,.89259422,3.6688211,2.488028,2.488028,.099562041,.5662412,0,underidentified,0,1,
P02,ln_sisfoh2013_households,Log rostered households,2,1,M01,Log baseline CCPP population,primary,continuous,large_h_iv,ivreg2,fuzzy_late_interaction,.01,59,31,31,54,1,.010338069,.93331861,.9911623,-1.8189328,1.8396089,.9900676,.010441781,-1.8371804,1.8580639,.10953294,.251344,.24637192,.24637192,.62404257,.81488806,0,underidentified,0,,
P02,ln_sisfoh2013_households,Log rostered households,2,1,M01,Log baseline CCPP population,primary,continuous,small_h_iv,ivreg2,fuzzy_late_interaction,.005,29,15,15,36,1,.1889722,1.1108793,.86492324,-1.9883113,2.3662558,1.2017065,.15725321,-1.6545731,1.9690795,.12108442,.32200494,.24611872,.24611872,.57791066,.79709756,0,underidentified,0,,
P02,ln_sisfoh2013_households,Log rostered households,2,1,M01,Log baseline CCPP population,primary,continuous,common_h_rdhte,rdhte,assignment_hte,.0075,43,22,22,45,1,.085816219,.22013752,.69666225,-.3456454,.51727784,1.0373689,.082724877,-.33319429,.49864402,,,,,,,1,assignment_hte_supported,0,1,
P03,share_age_15_29_2013,Residents age 15-29,3,100,M01,Log baseline CCPP population,primary,continuous,common_h_covariates,ivreg2,fuzzy_late_interaction,.0075,41,22,22,43,1,36.288639,22.436417,.10579218,-7.6859303,80.263206,13.763603,2.6365654,-.55842429,5.8315549,1.6345944,7.8253927,4.0770297,4.0770297,.050686404,.0014509901,0,underidentified,0,,
P03,share_age_15_29_2013,Residents age 15-29,3,100,M01,Log baseline CCPP population,primary,continuous,common_h_iv,ivreg2,fuzzy_late_interaction,.0075,43,22,22,45,1,46.069054,31.377455,.14204407,-15.429627,107.56774,13.53303,3.4041939,-1.1401458,7.9485335,.89259422,3.6688211,2.488028,2.488028,.099562041,.0038535497,0,underidentified,0,.9943084716796875,
P03,share_age_15_29_2013,Residents age 15-29,3,100,M01,Log baseline CCPP population,primary,continuous,large_h_iv,ivreg2,fuzzy_late_interaction,.01,59,31,31,54,1,107.93246,200.60925,.59056097,-285.25446,501.11938,12.362742,8.7304621,-23.073721,40.534645,.10953294,.251344,.24637192,.24637192,.62404257,.007893092,0,underidentified,0,,
P03,share_age_15_29_2013,Residents age 15-29,3,100,M01,Log baseline CCPP population,primary,continuous,small_h_iv,ivreg2,fuzzy_late_interaction,.005,29,15,15,36,1,108.38091,187.13666,.5624854,-258.40021,475.16202,16.069996,6.7443018,-16.079668,29.568272,.12108442,.32200494,.24611872,.24611872,.57791066,.0037028103,0,underidentified,0,,
P03,share_age_15_29_2013,Residents age 15-29,3,100,M01,Log baseline CCPP population,primary,continuous,common_h_rdhte,rdhte,assignment_hte,.0075,43,22,22,45,1,28.208231,8.7056189,.001194322,11.145532,45.270931,13.53303,2.084399,.82357997,3.3452179,,,,,,,1,assignment_hte_supported,0,.0095545761287212,
P04,share_any_program_2013,Residents in any social program,4,100,M01,Log baseline CCPP population,primary,continuous,common_h_covariates,ivreg2,fuzzy_late_interaction,.0075,41,22,22,43,1,-6.6139531,10.554061,.53087306,-27.299532,14.071626,13.993115,-.47265765,-1.9509259,1.0056106,1.6345944,7.8253927,4.0770297,4.0770297,.050686404,.63723123,0,underidentified,0,,
P04,share_any_program_2013,Residents in any social program,4,100,M01,Log baseline CCPP population,primary,continuous,common_h_iv,ivreg2,fuzzy_late_interaction,.0075,43,22,22,45,1,-18.691198,25.44412,.46258441,-68.560753,31.17836,13.938599,-1.3409667,-4.9187694,2.236836,.89259422,3.6688211,2.488028,2.488028,.099562041,.58941162,0,underidentified,0,1,
P04,share_any_program_2013,Residents in any social program,4,100,M01,Log baseline CCPP population,primary,continuous,large_h_iv,ivreg2,fuzzy_late_interaction,.01,59,31,31,54,1,-29.096619,86.760269,.73734748,-199.14363,140.95039,15.577564,-1.8678542,-12.784003,9.048295,.10953294,.251344,.24637192,.24637192,.62404257,.68394136,0,underidentified,0,,
P04,share_any_program_2013,Residents in any social program,4,100,M01,Log baseline CCPP population,primary,continuous,small_h_iv,ivreg2,fuzzy_late_interaction,.005,29,15,15,36,1,-49.31382,121.8243,.68562847,-288.08505,189.45741,14.695152,-3.3557882,-19.604088,12.892511,.12108442,.32200494,.24611872,.24611872,.57791066,.64399922,0,underidentified,0,,
P04,share_any_program_2013,Residents in any social program,4,100,M01,Log baseline CCPP population,primary,continuous,common_h_rdhte,rdhte,assignment_hte,.0075,43,22,22,45,1,-15.314013,16.977673,.36705211,-48.589642,17.961615,13.938599,-1.0986767,-3.4859774,1.2886242,,,,,,,1,assignment_hte_supported,0,1,
P05,wellbeing_core_proxy_2013,Core wellbeing proxy,5,100,M01,Log baseline CCPP population,primary,continuous,common_h_covariates,ivreg2,fuzzy_late_interaction,.0075,41,22,22,43,1,2.1117315,13.481977,.87553358,-24.312458,28.535921,12.313388,.17149881,-1.9744735,2.317471,1.6345944,7.8253927,4.0770297,4.0770297,.050686404,.76496404,0,underidentified,0,,
P05,wellbeing_core_proxy_2013,Core wellbeing proxy,5,100,M01,Log baseline CCPP population,primary,continuous,common_h_iv,ivreg2,fuzzy_late_interaction,.0075,43,22,22,45,1,3.0726528,17.627544,.86162204,-31.476702,37.622005,12.264152,.25053936,-2.5665617,3.0676403,.89259422,3.6688211,2.488028,2.488028,.099562041,.77479124,0,underidentified,0,1,
P05,wellbeing_core_proxy_2013,Core wellbeing proxy,5,100,M01,Log baseline CCPP population,primary,continuous,large_h_iv,ivreg2,fuzzy_late_interaction,.01,59,31,31,54,1,9.7076397,49.991749,.84603113,-88.274384,107.68967,12.518089,.77548891,-7.0517459,8.6027241,.10953294,.251344,.24637192,.24637192,.62404257,.941845,0,underidentified,0,,
P05,wellbeing_core_proxy_2013,Core wellbeing proxy,5,100,M01,Log baseline CCPP population,primary,continuous,small_h_iv,ivreg2,fuzzy_late_interaction,.005,29,15,15,36,1,6.5957508,54.372028,.90344727,-99.971466,113.16297,13.063611,.50489491,-7.652667,8.6624565,.12108442,.32200494,.24611872,.24611872,.57791066,.76197898,0,underidentified,0,,
P05,wellbeing_core_proxy_2013,Core wellbeing proxy,5,100,M01,Log baseline CCPP population,primary,continuous,common_h_rdhte,rdhte,assignment_hte,.0075,43,22,22,45,1,4.813879,10.979882,.66107666,-16.706295,26.334053,12.264152,.39251626,-1.3622055,2.147238,,,,,,,1,assignment_hte_supported,0,1,
P06,share_nbi_any_2013,Households with any unmet basic need,6,100,M01,Log baseline CCPP population,primary,continuous,common_h_covariates,ivreg2,fuzzy_late_interaction,.0075,41,22,22,43,1,9.4768877,15.561279,.54252154,-21.022659,39.976433,28.583105,.33155558,-.73549247,1.3986036,1.6345944,7.8253927,4.0770297,4.0770297,.050686404,.85448605,0,underidentified,0,,
P06,share_nbi_any_2013,Households with any unmet basic need,6,100,M01,Log baseline CCPP population,primary,continuous,common_h_iv,ivreg2,fuzzy_late_interaction,.0075,43,22,22,45,1,32.941124,40.032799,.41059136,-45.521717,111.40397,28.377171,1.1608318,-1.6041669,3.9258306,.89259422,3.6688211,2.488028,2.488028,.099562041,.502823,0,underidentified,0,1,
P06,share_nbi_any_2013,Households with any unmet basic need,6,100,M01,Log baseline CCPP population,primary,continuous,large_h_iv,ivreg2,fuzzy_late_interaction,.01,59,31,31,54,1,76.094299,193.22675,.69372261,-302.62317,454.81177,28.186848,2.6996384,-10.736326,16.135603,.10953294,.251344,.24637192,.24637192,.62404257,.62690806,0,underidentified,0,,
P06,share_nbi_any_2013,Households with any unmet basic need,6,100,M01,Log baseline CCPP population,primary,continuous,small_h_iv,ivreg2,fuzzy_late_interaction,.005,29,15,15,36,1,111.10492,248.50854,.65481234,-375.96286,598.17273,29.641836,3.7482467,-12.683521,20.180016,.12108442,.32200494,.24611872,.24611872,.57791066,.35761228,0,underidentified,0,,
P06,share_nbi_any_2013,Households with any unmet basic need,6,100,M01,Log baseline CCPP population,primary,continuous,common_h_rdhte,rdhte,assignment_hte,.0075,43,22,22,45,1,15.132467,17.992729,.4003298,-20.132633,50.397568,28.377171,.53326201,-.7094658,1.7759899,,,,,,,1,assignment_hte_supported,0,1,
P07,labor_force_participation_2013,Labor-force participation,7,100,M01,Log baseline CCPP population,primary,continuous,common_h_covariates,ivreg2,fuzzy_late_interaction,.0075,41,22,22,43,1,9.3276253,10.231632,.36195517,-10.726006,29.381254,15.319365,.60887808,-.70015991,1.9179161,1.6345944,7.8253927,4.0770297,4.0770297,.050686404,.64157563,0,underidentified,0,,
P07,labor_force_participation_2013,Labor-force participation,7,100,M01,Log baseline CCPP population,primary,continuous,common_h_iv,ivreg2,fuzzy_late_interaction,.0075,43,22,22,45,1,23.438562,21.711885,.28035295,-19.115952,65.99308,14.978951,1.5647666,-1.2761877,4.4057212,.89259422,3.6688211,2.488028,2.488028,.099562041,.22487688,0,underidentified,0,1,
P07,labor_force_participation_2013,Labor-force participation,7,100,M01,Log baseline CCPP population,primary,continuous,large_h_iv,ivreg2,fuzzy_late_interaction,.01,59,31,31,54,1,56.278748,127.95377,.66005546,-194.50604,307.06354,15.954082,3.5275455,-12.191616,19.246706,.10953294,.251344,.24637192,.24637192,.62404257,.27624696,0,underidentified,0,,
P07,labor_force_participation_2013,Labor-force participation,7,100,M01,Log baseline CCPP population,primary,continuous,small_h_iv,ivreg2,fuzzy_late_interaction,.005,29,15,15,36,1,80.121895,158.53305,.61328107,-230.59717,390.84094,16.151674,4.9605937,-14.276982,24.19817,.12108442,.32200494,.24611872,.24611872,.57791066,.14263131,0,underidentified,0,,
P07,labor_force_participation_2013,Labor-force participation,7,100,M01,Log baseline CCPP population,primary,continuous,common_h_rdhte,rdhte,assignment_hte,.0075,43,22,22,45,1,14.558891,8.3659306,.081813432,-1.8380308,30.955814,14.978951,.97195673,-.12270758,2.0666211,,,,,,,1,assignment_hte_supported,0,.5726940259337425,
P08,share_educ_secondaryplus_2013,Secondary education or higher,8,100,M01,Log baseline CCPP population,primary,continuous,common_h_covariates,ivreg2,fuzzy_late_interaction,.0075,41,22,22,43,1,10.880929,17.20833,.52718699,-22.846779,44.608639,15.72756,.69183832,-1.4526589,2.8363354,1.6345944,7.8253927,4.0770297,4.0770297,.050686404,.53817952,0,underidentified,0,,
P08,share_educ_secondaryplus_2013,Secondary education or higher,8,100,M01,Log baseline CCPP population,primary,continuous,common_h_iv,ivreg2,fuzzy_late_interaction,.0075,43,22,22,45,1,10.560891,23.272886,.64998347,-35.053127,56.174911,15.745008,.67074537,-2.226301,3.5677917,.89259422,3.6688211,2.488028,2.488028,.099562041,.48917994,0,underidentified,0,1,
P08,share_educ_secondaryplus_2013,Secondary education or higher,8,100,M01,Log baseline CCPP population,primary,continuous,large_h_iv,ivreg2,fuzzy_late_interaction,.01,59,31,31,54,1,-.38683644,65.05265,.99525541,-127.88769,127.11401,15.346452,-.025206897,-8.3333712,8.282958,.10953294,.251344,.24637192,.24637192,.62404257,.54018229,0,underidentified,0,,
P08,share_educ_secondaryplus_2013,Secondary education or higher,8,100,M01,Log baseline CCPP population,primary,continuous,small_h_iv,ivreg2,fuzzy_late_interaction,.005,29,15,15,36,1,8.6733389,58.852135,.88283598,-106.67472,124.0214,17.255453,.50264335,-6.1820879,7.1873746,.12108442,.32200494,.24611872,.24611872,.57791066,.53283769,0,underidentified,0,,
P08,share_educ_secondaryplus_2013,Secondary education or higher,8,100,M01,Log baseline CCPP population,primary,continuous,common_h_rdhte,rdhte,assignment_hte,.0075,43,22,22,45,1,6.8296962,12.098345,.57240373,-16.882624,30.542015,15.745008,.43376899,-1.0722524,1.9397904,,,,,,,1,assignment_hte_supported,0,1,
P01,ln_sisfoh2013_population,Log rostered population,1,1,M02,District-capital CCPP,primary,binary,common_h_covariates,ivreg2,fuzzy_late_interaction,.0075,41,22,2,43,0,,,,,,,,,,,,,,,,0,insufficient_support,2001,,
P01,ln_sisfoh2013_population,Log rostered population,1,1,M02,District-capital CCPP,primary,binary,common_h_iv,ivreg2,fuzzy_late_interaction,.0075,42,22,2,44,0,,,,,,,,,,,,,,,,0,insufficient_support,2001,,
P01,ln_sisfoh2013_population,Log rostered population,1,1,M02,District-capital CCPP,primary,binary,large_h_iv,ivreg2,fuzzy_late_interaction,.01,58,31,4,53,0,,,,,,,,,,,,,,,,0,insufficient_support,2001,,
P01,ln_sisfoh2013_population,Log rostered population,1,1,M02,District-capital CCPP,primary,binary,small_h_iv,ivreg2,fuzzy_late_interaction,.005,29,15,2,36,0,,,,,,,,,,,,,,,,0,insufficient_support,2001,,
P01,ln_sisfoh2013_population,Log rostered population,1,1,M02,District-capital CCPP,primary,binary,common_h_rdhte,rdhte,assignment_hte,.0075,42,22,2,44,0,,,,,,,,,,,,,,,,0,insufficient_support,2001,,
P02,ln_sisfoh2013_households,Log rostered households,2,1,M02,District-capital CCPP,primary,binary,common_h_covariates,ivreg2,fuzzy_late_interaction,.0075,41,22,2,43,0,,,,,,,,,,,,,,,,0,insufficient_support,2001,,
P02,ln_sisfoh2013_households,Log rostered households,2,1,M02,District-capital CCPP,primary,binary,common_h_iv,ivreg2,fuzzy_late_interaction,.0075,42,22,2,44,0,,,,,,,,,,,,,,,,0,insufficient_support,2001,,
P02,ln_sisfoh2013_households,Log rostered households,2,1,M02,District-capital CCPP,primary,binary,large_h_iv,ivreg2,fuzzy_late_interaction,.01,58,31,4,53,0,,,,,,,,,,,,,,,,0,insufficient_support,2001,,
P02,ln_sisfoh2013_households,Log rostered households,2,1,M02,District-capital CCPP,primary,binary,small_h_iv,ivreg2,fuzzy_late_interaction,.005,29,15,2,36,0,,,,,,,,,,,,,,,,0,insufficient_support,2001,,
P02,ln_sisfoh2013_households,Log rostered households,2,1,M02,District-capital CCPP,primary,binary,common_h_rdhte,rdhte,assignment_hte,.0075,42,22,2,44,0,,,,,,,,,,,,,,,,0,insufficient_support,2001,,
P03,share_age_15_29_2013,Residents age 15-29,3,100,M02,District-capital CCPP,primary,binary,common_h_covariates,ivreg2,fuzzy_late_interaction,.0075,41,22,2,43,0,,,,,,,,,,,,,,,,0,insufficient_support,2001,,
P03,share_age_15_29_2013,Residents age 15-29,3,100,M02,District-capital CCPP,primary,binary,common_h_iv,ivreg2,fuzzy_late_interaction,.0075,42,22,2,44,0,,,,,,,,,,,,,,,,0,insufficient_support,2001,,
P03,share_age_15_29_2013,Residents age 15-29,3,100,M02,District-capital CCPP,primary,binary,large_h_iv,ivreg2,fuzzy_late_interaction,.01,58,31,4,53,0,,,,,,,,,,,,,,,,0,insufficient_support,2001,,
P03,share_age_15_29_2013,Residents age 15-29,3,100,M02,District-capital CCPP,primary,binary,small_h_iv,ivreg2,fuzzy_late_interaction,.005,29,15,2,36,0,,,,,,,,,,,,,,,,0,insufficient_support,2001,,
P03,share_age_15_29_2013,Residents age 15-29,3,100,M02,District-capital CCPP,primary,binary,common_h_rdhte,rdhte,assignment_hte,.0075,42,22,2,44,0,,,,,,,,,,,,,,,,0,insufficient_support,2001,,
P04,share_any_program_2013,Residents in any social program,4,100,M02,District-capital CCPP,primary,binary,common_h_covariates,ivreg2,fuzzy_late_interaction,.0075,41,22,2,43,0,,,,,,,,,,,,,,,,0,insufficient_support,2001,,
P04,share_any_program_2013,Residents in any social program,4,100,M02,District-capital CCPP,primary,binary,common_h_iv,ivreg2,fuzzy_late_interaction,.0075,42,22,2,44,0,,,,,,,,,,,,,,,,0,insufficient_support,2001,,
P04,share_any_program_2013,Residents in any social program,4,100,M02,District-capital CCPP,primary,binary,large_h_iv,ivreg2,fuzzy_late_interaction,.01,58,31,4,53,0,,,,,,,,,,,,,,,,0,insufficient_support,2001,,
P04,share_any_program_2013,Residents in any social program,4,100,M02,District-capital CCPP,primary,binary,small_h_iv,ivreg2,fuzzy_late_interaction,.005,29,15,2,36,0,,,,,,,,,,,,,,,,0,insufficient_support,2001,,
P04,share_any_program_2013,Residents in any social program,4,100,M02,District-capital CCPP,primary,binary,common_h_rdhte,rdhte,assignment_hte,.0075,42,22,2,44,0,,,,,,,,,,,,,,,,0,insufficient_support,2001,,
P05,wellbeing_core_proxy_2013,Core wellbeing proxy,5,100,M02,District-capital CCPP,primary,binary,common_h_covariates,ivreg2,fuzzy_late_interaction,.0075,41,22,2,43,0,,,,,,,,,,,,,,,,0,insufficient_support,2001,,
P05,wellbeing_core_proxy_2013,Core wellbeing proxy,5,100,M02,District-capital CCPP,primary,binary,common_h_iv,ivreg2,fuzzy_late_interaction,.0075,42,22,2,44,0,,,,,,,,,,,,,,,,0,insufficient_support,2001,,
P05,wellbeing_core_proxy_2013,Core wellbeing proxy,5,100,M02,District-capital CCPP,primary,binary,large_h_iv,ivreg2,fuzzy_late_interaction,.01,58,31,4,53,0,,,,,,,,,,,,,,,,0,insufficient_support,2001,,
P05,wellbeing_core_proxy_2013,Core wellbeing proxy,5,100,M02,District-capital CCPP,primary,binary,small_h_iv,ivreg2,fuzzy_late_interaction,.005,29,15,2,36,0,,,,,,,,,,,,,,,,0,insufficient_support,2001,,
P05,wellbeing_core_proxy_2013,Core wellbeing proxy,5,100,M02,District-capital CCPP,primary,binary,common_h_rdhte,rdhte,assignment_hte,.0075,42,22,2,44,0,,,,,,,,,,,,,,,,0,insufficient_support,2001,,
P06,share_nbi_any_2013,Households with any unmet basic need,6,100,M02,District-capital CCPP,primary,binary,common_h_covariates,ivreg2,fuzzy_late_interaction,.0075,41,22,2,43,0,,,,,,,,,,,,,,,,0,insufficient_support,2001,,
P06,share_nbi_any_2013,Households with any unmet basic need,6,100,M02,District-capital CCPP,primary,binary,common_h_iv,ivreg2,fuzzy_late_interaction,.0075,42,22,2,44,0,,,,,,,,,,,,,,,,0,insufficient_support,2001,,
P06,share_nbi_any_2013,Households with any unmet basic need,6,100,M02,District-capital CCPP,primary,binary,large_h_iv,ivreg2,fuzzy_late_interaction,.01,58,31,4,53,0,,,,,,,,,,,,,,,,0,insufficient_support,2001,,
P06,share_nbi_any_2013,Households with any unmet basic need,6,100,M02,District-capital CCPP,primary,binary,small_h_iv,ivreg2,fuzzy_late_interaction,.005,29,15,2,36,0,,,,,,,,,,,,,,,,0,insufficient_support,2001,,
P06,share_nbi_any_2013,Households with any unmet basic need,6,100,M02,District-capital CCPP,primary,binary,common_h_rdhte,rdhte,assignment_hte,.0075,42,22,2,44,0,,,,,,,,,,,,,,,,0,insufficient_support,2001,,
P07,labor_force_participation_2013,Labor-force participation,7,100,M02,District-capital CCPP,primary,binary,common_h_covariates,ivreg2,fuzzy_late_interaction,.0075,41,22,2,43,0,,,,,,,,,,,,,,,,0,insufficient_support,2001,,
P07,labor_force_participation_2013,Labor-force participation,7,100,M02,District-capital CCPP,primary,binary,common_h_iv,ivreg2,fuzzy_late_interaction,.0075,42,22,2,44,0,,,,,,,,,,,,,,,,0,insufficient_support,2001,,
P07,labor_force_participation_2013,Labor-force participation,7,100,M02,District-capital CCPP,primary,binary,large_h_iv,ivreg2,fuzzy_late_interaction,.01,58,31,4,53,0,,,,,,,,,,,,,,,,0,insufficient_support,2001,,
P07,labor_force_participation_2013,Labor-force participation,7,100,M02,District-capital CCPP,primary,binary,small_h_iv,ivreg2,fuzzy_late_interaction,.005,29,15,2,36,0,,,,,,,,,,,,,,,,0,insufficient_support,2001,,
P07,labor_force_participation_2013,Labor-force participation,7,100,M02,District-capital CCPP,primary,binary,common_h_rdhte,rdhte,assignment_hte,.0075,42,22,2,44,0,,,,,,,,,,,,,,,,0,insufficient_support,2001,,
P08,share_educ_secondaryplus_2013,Secondary education or higher,8,100,M02,District-capital CCPP,primary,binary,common_h_covariates,ivreg2,fuzzy_late_interaction,.0075,41,22,2,43,0,,,,,,,,,,,,,,,,0,insufficient_support,2001,,
P08,share_educ_secondaryplus_2013,Secondary education or higher,8,100,M02,District-capital CCPP,primary,binary,common_h_iv,ivreg2,fuzzy_late_interaction,.0075,42,22,2,44,0,,,,,,,,,,,,,,,,0,insufficient_support,2001,,
P08,share_educ_secondaryplus_2013,Secondary education or higher,8,100,M02,District-capital CCPP,primary,binary,large_h_iv,ivreg2,fuzzy_late_interaction,.01,58,31,4,53,0,,,,,,,,,,,,,,,,0,insufficient_support,2001,,
P08,share_educ_secondaryplus_2013,Secondary education or higher,8,100,M02,District-capital CCPP,primary,binary,small_h_iv,ivreg2,fuzzy_late_interaction,.005,29,15,2,36,0,,,,,,,,,,,,,,,,0,insufficient_support,2001,,
P08,share_educ_secondaryplus_2013,Secondary education or higher,8,100,M02,District-capital CCPP,primary,binary,common_h_rdhte,rdhte,assignment_hte,.0075,42,22,2,44,0,,,,,,,,,,,,,,,,0,insufficient_support,2001,,
P01,ln_sisfoh2013_population,Log rostered population,1,1,S01,Baseline CCPP deprivation,secondary,continuous,common_h_covariates,ivreg2,fuzzy_late_interaction,.0075,41,22,22,43,1,.11184949,.25038126,.6550796,-.37888876,.6025877,1.1692562,.09565866,-.32404253,.51535988,1.9301655,8.6642809,3.9196875,3.9196875,.021946494,.57680082,0,weak_interaction_instruments,0,,
P01,ln_sisfoh2013_population,Log rostered population,1,1,S01,Baseline CCPP deprivation,secondary,continuous,common_h_iv,ivreg2,fuzzy_late_interaction,.0075,42,22,22,44,1,-.18693146,1.0175915,.85424888,-2.1813741,1.8075111,1.1637104,-.16063401,-1.8744991,1.553231,1.2398442,7.9967518,2.2720947,2.2720947,.044397619,.64627546,0,weak_interaction_instruments,0,,.9426194552717537
P01,ln_sisfoh2013_population,Log rostered population,1,1,S01,Baseline CCPP deprivation,secondary,continuous,common_h_rdhte,rdhte,assignment_hte,.0075,42,22,22,44,1,.46007636,.87866235,.60054988,-1.2620702,2.1822228,1.1637104,.39535296,-1.0845226,1.8752285,,,,,,,1,assignment_hte_supported,0,,.8355476545250934
P02,ln_sisfoh2013_households,Log rostered households,2,1,S01,Baseline CCPP deprivation,secondary,continuous,common_h_covariates,ivreg2,fuzzy_late_interaction,.0075,41,22,22,43,1,-.41850218,.22891261,.067516819,-.86716264,.030158283,1.0526391,-.39757422,-.8237986,.028650165,1.9301655,8.6642809,3.9196875,3.9196875,.021946494,.18607642,0,weak_interaction_instruments,0,,
P02,ln_sisfoh2013_households,Log rostered households,2,1,S01,Baseline CCPP deprivation,secondary,continuous,common_h_iv,ivreg2,fuzzy_late_interaction,.0075,42,22,22,44,1,-.7560637,.88594621,.39343926,-2.4924862,.98035896,1.0470641,-.72207969,-2.3804526,.93629318,1.2398442,7.9967518,2.2720947,2.2720947,.044397619,.57106936,0,weak_interaction_instruments,0,,.8443943170400766
P02,ln_sisfoh2013_households,Log rostered households,2,1,S01,Baseline CCPP deprivation,secondary,continuous,common_h_rdhte,rdhte,assignment_hte,.0075,42,22,22,44,1,.17153333,.69011009,.80370164,-1.1810576,1.5241241,1.0470641,.16382314,-1.1279707,1.455617,,,,,,,1,assignment_hte_supported,0,,.8868431880556303
P03,share_age_15_29_2013,Residents age 15-29,3,100,S01,Baseline CCPP deprivation,secondary,continuous,common_h_covariates,ivreg2,fuzzy_late_interaction,.0075,41,22,22,43,1,6.1511331,15.28708,.68740833,-23.810993,36.113258,13.763603,.446913,-1.7299972,2.6238232,1.9301655,8.6642809,3.9196875,3.9196875,.021946494,.036147218,0,weak_interaction_instruments,0,,
P03,share_age_15_29_2013,Residents age 15-29,3,100,S01,Baseline CCPP deprivation,secondary,continuous,common_h_iv,ivreg2,fuzzy_late_interaction,.0075,42,22,22,44,1,4.5543923,14.974925,.76102537,-24.795923,33.904705,13.669607,.33317652,-1.8139455,2.4802985,1.2398442,7.9967518,2.2720947,2.2720947,.044397619,.24102132,0,weak_interaction_instruments,0,,.9019559930872033
P03,share_age_15_29_2013,Residents age 15-29,3,100,S01,Baseline CCPP deprivation,secondary,continuous,common_h_rdhte,rdhte,assignment_hte,.0075,42,22,22,44,1,-18.359365,13.248397,.16581407,-44.325745,7.607017,13.669607,-1.3430791,-3.2426496,.55649126,,,,,,,1,assignment_hte_supported,0,,.5306050300598145
P04,share_any_program_2013,Residents in any social program,4,100,S01,Baseline CCPP deprivation,secondary,continuous,common_h_covariates,ivreg2,fuzzy_late_interaction,.0075,41,22,22,43,1,15.246572,11.897501,.20002036,-8.0721025,38.565247,13.993115,1.0895766,-.57686245,2.7560155,1.9301655,8.6642809,3.9196875,3.9196875,.021946494,.34424707,0,weak_interaction_instruments,0,,
P04,share_any_program_2013,Residents in any social program,4,100,S01,Baseline CCPP deprivation,secondary,continuous,common_h_iv,ivreg2,fuzzy_late_interaction,.0075,42,22,22,44,1,23.972212,19.041885,.20805919,-13.349197,61.293621,13.844298,1.7315586,-.96423793,4.4273548,1.2398442,7.9967518,2.2720947,2.2720947,.044397619,.11224303,0,weak_interaction_instruments,0,,.8443943170400766
P04,share_any_program_2013,Residents in any social program,4,100,S01,Baseline CCPP deprivation,secondary,continuous,common_h_rdhte,rdhte,assignment_hte,.0075,42,22,22,44,1,28.540411,12.545522,.022909043,3.9516401,53.129181,13.844298,2.0615282,.28543448,3.8376219,,,,,,,1,assignment_hte_supported,0,,.1740239858627319
P05,wellbeing_core_proxy_2013,Core wellbeing proxy,5,100,S01,Baseline CCPP deprivation,secondary,continuous,common_h_covariates,ivreg2,fuzzy_late_interaction,.0075,41,22,22,43,1,-4.285521,7.3848128,.56170189,-18.759489,10.188446,12.313388,-.34803754,-1.5235034,.82742828,1.9301655,8.6642809,3.9196875,3.9196875,.021946494,.61685199,0,weak_interaction_instruments,0,,
P05,wellbeing_core_proxy_2013,Core wellbeing proxy,5,100,S01,Baseline CCPP deprivation,secondary,continuous,common_h_iv,ivreg2,fuzzy_late_interaction,.0075,42,22,22,44,1,-4.8671784,8.6358089,.57302356,-21.793053,12.058697,12.210653,-.39860097,-1.7847574,.98755544,1.2398442,7.9967518,2.2720947,2.2720947,.044397619,.61017174,0,weak_interaction_instruments,0,,.8443943170400766
P05,wellbeing_core_proxy_2013,Core wellbeing proxy,5,100,S01,Baseline CCPP deprivation,secondary,continuous,common_h_rdhte,rdhte,assignment_hte,.0075,42,22,22,44,1,-1.975435,7.2204528,.78440064,-16.127262,12.176393,12.210653,-.16177963,-1.3207535,.99719417,,,,,,,1,assignment_hte_supported,0,,.8868431880556303
P06,share_nbi_any_2013,Households with any unmet basic need,6,100,S01,Baseline CCPP deprivation,secondary,continuous,common_h_covariates,ivreg2,fuzzy_late_interaction,.0075,41,22,22,43,1,6.2991357,14.039886,.65367693,-21.218536,33.816807,28.583105,.22037968,-.74234533,1.1831048,1.9301655,8.6642809,3.9196875,3.9196875,.021946494,.91765106,0,weak_interaction_instruments,0,,
P06,share_nbi_any_2013,Households with any unmet basic need,6,100,S01,Baseline CCPP deprivation,secondary,continuous,common_h_iv,ivreg2,fuzzy_late_interaction,.0075,42,22,22,44,1,-15.278533,37.800041,.68607038,-89.36525,58.808182,28.595331,-.53430164,-3.1251693,2.056566,1.2398442,7.9967518,2.2720947,2.2720947,.044397619,.83752751,0,weak_interaction_instruments,0,,.8443943170400766
P06,share_nbi_any_2013,Households with any unmet basic need,6,100,S01,Baseline CCPP deprivation,secondary,continuous,common_h_rdhte,rdhte,assignment_hte,.0075,42,22,22,44,1,-8.2555647,22.395052,.71240097,-52.149059,35.637932,28.595331,-.28870323,-1.8236915,1.246285,,,,,,,1,assignment_hte_supported,0,,.8868431880556303
P07,labor_force_participation_2013,Labor-force participation,7,100,S01,Baseline CCPP deprivation,secondary,continuous,common_h_covariates,ivreg2,fuzzy_late_interaction,.0075,41,22,22,43,1,-9.4714603,13.705358,.489517,-36.333466,17.390547,15.319365,-.61826718,-2.3717346,1.1352003,1.9301655,8.6642809,3.9196875,3.9196875,.021946494,.57735038,0,weak_interaction_instruments,0,,
P07,labor_force_participation_2013,Labor-force participation,7,100,S01,Baseline CCPP deprivation,secondary,continuous,common_h_iv,ivreg2,fuzzy_late_interaction,.0075,42,22,22,44,1,-20.185972,20.614304,.32747045,-60.589264,20.217319,15.144383,-1.3329015,-4.0007744,1.3349714,1.2398442,7.9967518,2.2720947,2.2720947,.044397619,.242274,0,weak_interaction_instruments,0,,.8443943170400766
P07,labor_force_participation_2013,Labor-force participation,7,100,S01,Baseline CCPP deprivation,secondary,continuous,common_h_rdhte,rdhte,assignment_hte,.0075,42,22,22,44,1,-4.7930412,8.6930227,.58138245,-21.831053,12.24497,15.144383,-.3164897,-1.441528,.80854863,,,,,,,1,assignment_hte_supported,0,,.8355476545250934
P08,share_educ_secondaryplus_2013,Secondary education or higher,8,100,S01,Baseline CCPP deprivation,secondary,continuous,common_h_covariates,ivreg2,fuzzy_late_interaction,.0075,41,22,22,43,1,16.634253,22.985292,.46925539,-28.416094,61.684597,15.72756,1.0576499,-1.8067707,3.9220705,1.9301655,8.6642809,3.9196875,3.9196875,.021946494,.56291628,0,weak_interaction_instruments,0,,
P08,share_educ_secondaryplus_2013,Secondary education or higher,8,100,S01,Baseline CCPP deprivation,secondary,continuous,common_h_iv,ivreg2,fuzzy_late_interaction,.0075,42,22,22,44,1,21.801092,26.259571,.40641719,-29.666719,73.268906,15.73583,1.3854427,-1.8852974,4.6561828,1.2398442,7.9967518,2.2720947,2.2720947,.044397619,.36277622,0,weak_interaction_instruments,0,,.8443943170400766
P08,share_educ_secondaryplus_2013,Secondary education or higher,8,100,S01,Baseline CCPP deprivation,secondary,continuous,common_h_rdhte,rdhte,assignment_hte,.0075,42,22,22,44,1,3.8906441,12.740193,.76007414,-21.079676,28.860964,15.73583,.24724746,-1.3395973,1.8340921,,,,,,,1,assignment_hte_supported,0,,.8868431880556303
P01,ln_sisfoh2013_population,Log rostered population,1,1,S02,Distance to corresponding district capital,secondary,continuous,common_h_covariates,ivreg2,fuzzy_late_interaction,.0075,41,22,22,43,1,.44314286,.45110431,.32592687,-.44100535,1.3272911,1.1692562,.37899551,-.37716743,1.1351584,.61827481,1.5665029,1.4117068,1.4117068,.21330315,.45325273,0,underidentified,0,,
P01,ln_sisfoh2013_population,Log rostered population,1,1,S02,Distance to corresponding district capital,secondary,continuous,common_h_iv,ivreg2,fuzzy_late_interaction,.0075,42,22,22,44,1,2.6394479,3.0706804,.39002913,-3.3789749,8.6578703,1.1571223,2.281045,-2.9201539,7.482244,.75171953,2.2980578,1.4801646,1.4801646,.19646013,.32478967,0,underidentified,0,,.8443943170400766
P01,ln_sisfoh2013_population,Log rostered population,1,1,S02,Distance to corresponding district capital,secondary,continuous,common_h_rdhte,rdhte,assignment_hte,.0075,42,22,22,44,1,.79441911,1.278455,.53434306,-1.7113067,3.3001449,1.1571223,.68654728,-1.4789335,2.8520281,,,,,,,1,assignment_hte_supported,0,,.8355476545250934
P02,ln_sisfoh2013_households,Log rostered households,2,1,S02,Distance to corresponding district capital,secondary,continuous,common_h_covariates,ivreg2,fuzzy_late_interaction,.0075,41,22,22,43,1,.67503041,.52953488,.20239384,-.36283886,1.7128997,1.0526391,.64127433,-.34469444,1.627243,.61827481,1.5665029,1.4117068,1.4117068,.21330315,.060358848,0,underidentified,0,,
P02,ln_sisfoh2013_households,Log rostered households,2,1,S02,Distance to corresponding district capital,secondary,continuous,common_h_iv,ivreg2,fuzzy_late_interaction,.0075,42,22,22,44,1,2.5545175,2.8788033,.37488839,-3.0878334,8.1968679,1.0428447,2.4495666,-2.9609716,7.860105,.75171953,2.2980578,1.4801646,1.4801646,.19646013,.32113653,0,underidentified,0,,.8443943170400766
P02,ln_sisfoh2013_households,Log rostered households,2,1,S02,Distance to corresponding district capital,secondary,continuous,common_h_rdhte,rdhte,assignment_hte,.0075,42,22,22,44,1,.77700639,1.115254,.48598555,-1.4088513,2.9628642,1.0428447,.74508357,-1.3509694,2.8411365,,,,,,,1,assignment_hte_supported,0,,.8355476545250934
P03,share_age_15_29_2013,Residents age 15-29,3,100,S02,Distance to corresponding district capital,secondary,continuous,common_h_covariates,ivreg2,fuzzy_late_interaction,.0075,41,22,22,43,1,48.403061,43.98867,.27117839,-37.813148,134.61928,13.763603,3.5167437,-2.7473292,9.7808161,.61827481,1.5665029,1.4117068,1.4117068,.21330315,.01638148,0,underidentified,0,,
P03,share_age_15_29_2013,Residents age 15-29,3,100,S02,Distance to corresponding district capital,secondary,continuous,common_h_iv,ivreg2,fuzzy_late_interaction,.0075,42,22,22,44,1,31.29924,31.960489,.32742661,-31.342167,93.940643,13.620196,2.298002,-2.3011539,6.8971581,.75171953,2.2980578,1.4801646,1.4801646,.19646013,.14962634,0,underidentified,0,,.8443943170400766
P03,share_age_15_29_2013,Residents age 15-29,3,100,S02,Distance to corresponding district capital,secondary,continuous,common_h_rdhte,rdhte,assignment_hte,.0075,42,22,22,44,1,19.583929,10.124271,.053069565,-.25927821,39.427135,13.620196,1.4378595,-.019036306,2.8947554,,,,,,,1,assignment_hte_supported,0,,.2426037277494158
P04,share_any_program_2013,Residents in any social program,4,100,S02,Distance to corresponding district capital,secondary,continuous,common_h_covariates,ivreg2,fuzzy_late_interaction,.0075,41,22,22,43,1,-35.229691,29.450987,.23161295,-92.95256,22.493183,13.993115,-2.5176444,-6.642735,1.6074463,.61827481,1.5665029,1.4117068,1.4117068,.21330315,.032624952,0,underidentified,0,,
P04,share_any_program_2013,Residents in any social program,4,100,S02,Distance to corresponding district capital,secondary,continuous,common_h_iv,ivreg2,fuzzy_late_interaction,.0075,42,22,22,44,1,-45.776512,41.954559,.27522999,-128.00594,36.452911,14.081318,-3.2508683,-9.0904799,2.588743,.75171953,2.2980578,1.4801646,1.4801646,.19646013,.063869432,0,underidentified,0,,.8443943170400766
P04,share_any_program_2013,Residents in any social program,4,100,S02,Distance to corresponding district capital,secondary,continuous,common_h_rdhte,rdhte,assignment_hte,.0075,42,22,22,44,1,-32.852974,13.299831,.013504514,-58.920166,-6.7857852,14.081318,-2.3330894,-4.184279,-.48189983,,,,,,,1,assignment_hte_supported,0,,.144048144419988
P05,wellbeing_core_proxy_2013,Core wellbeing proxy,5,100,S02,Distance to corresponding district capital,secondary,continuous,common_h_covariates,ivreg2,fuzzy_late_interaction,.0075,41,22,22,43,1,30.393059,23.964766,.20471248,-16.577017,77.363136,12.313388,2.4682937,-1.3462596,6.2828469,.61827481,1.5665029,1.4117068,1.4117068,.21330315,.084957175,0,underidentified,0,,
P05,wellbeing_core_proxy_2013,Core wellbeing proxy,5,100,S02,Distance to corresponding district capital,secondary,continuous,common_h_iv,ivreg2,fuzzy_late_interaction,.0075,42,22,22,44,1,42.291527,34.895332,.2255301,-26.102066,110.68512,12.360498,3.4215066,-2.1117325,8.9547462,.75171953,2.2980578,1.4801646,1.4801646,.19646013,.025289528,0,underidentified,0,,.8443943170400766
P05,wellbeing_core_proxy_2013,Core wellbeing proxy,5,100,S02,Distance to corresponding district capital,secondary,continuous,common_h_rdhte,rdhte,assignment_hte,.0075,42,22,22,44,1,30.641684,5.9879513,3.1006641e-07,18.905514,42.37785,12.360498,2.4790008,1.5295107,3.4284906,,,,,,,1,assignment_hte_supported,0,,9.92212517303e-06
P06,share_nbi_any_2013,Households with any unmet basic need,6,100,S02,Distance to corresponding district capital,secondary,continuous,common_h_covariates,ivreg2,fuzzy_late_interaction,.0075,41,22,22,43,1,11.456074,30.135185,.70382959,-47.607803,70.519951,28.583105,.40079877,-1.6655924,2.46719,.61827481,1.5665029,1.4117068,1.4117068,.21330315,.91892594,0,underidentified,0,,
P06,share_nbi_any_2013,Households with any unmet basic need,6,100,S02,Distance to corresponding district capital,secondary,continuous,common_h_iv,ivreg2,fuzzy_late_interaction,.0075,42,22,22,44,1,18.855715,45.886555,.68113101,-71.080284,108.79171,28.370176,.66463161,-2.5054579,3.8347211,.75171953,2.2980578,1.4801646,1.4801646,.19646013,.83641535,0,underidentified,0,,.8443943170400766
P06,share_nbi_any_2013,Households with any unmet basic need,6,100,S02,Distance to corresponding district capital,secondary,continuous,common_h_rdhte,rdhte,assignment_hte,.0075,42,22,22,44,1,16.433281,19.970682,.41058177,-22.708536,55.575096,28.370176,.57924491,-.80043691,1.9589268,,,,,,,1,assignment_hte_supported,0,,.8355476545250934
P07,labor_force_participation_2013,Labor-force participation,7,100,S02,Distance to corresponding district capital,secondary,continuous,common_h_covariates,ivreg2,fuzzy_late_interaction,.0075,41,22,22,43,1,20.940504,20.078859,.29698858,-18.413338,60.294346,15.319365,1.3669304,-1.2019649,3.9358256,.61827481,1.5665029,1.4117068,1.4117068,.21330315,.1556222,0,underidentified,0,,
P07,labor_force_participation_2013,Labor-force participation,7,100,S02,Distance to corresponding district capital,secondary,continuous,common_h_iv,ivreg2,fuzzy_late_interaction,.0075,42,22,22,44,1,12.491154,21.665293,.56424254,-29.972038,54.954346,15.146849,.82467014,-1.9787639,3.6281042,.75171953,2.2980578,1.4801646,1.4801646,.19646013,.26850167,0,underidentified,0,,.8443943170400766
P07,labor_force_participation_2013,Labor-force participation,7,100,S02,Distance to corresponding district capital,secondary,continuous,common_h_rdhte,rdhte,assignment_hte,.0075,42,22,22,44,1,-1.2279744,8.2838144,.88215512,-17.463951,15.008003,15.146849,-.081071272,-1.1529759,.99083334,,,,,,,1,assignment_hte_supported,0,,.9126475549513293
P08,share_educ_secondaryplus_2013,Secondary education or higher,8,100,S02,Distance to corresponding district capital,secondary,continuous,common_h_covariates,ivreg2,fuzzy_late_interaction,.0075,41,22,22,43,1,20.800186,19.21591,.27905437,-16.862307,58.462677,15.72756,1.322531,-1.0721501,3.7172122,.61827481,1.5665029,1.4117068,1.4117068,.21330315,.41417834,0,underidentified,0,,
P08,share_educ_secondaryplus_2013,Secondary education or higher,8,100,S02,Distance to corresponding district capital,secondary,continuous,common_h_iv,ivreg2,fuzzy_late_interaction,.0075,42,22,22,44,1,15.485941,18.418869,.40047958,-20.61438,51.586262,15.727614,.98463374,-1.3107123,3.2799799,.75171953,2.2980578,1.4801646,1.4801646,.19646013,.51684076,0,underidentified,0,,.8443943170400766
P08,share_educ_secondaryplus_2013,Secondary education or higher,8,100,S02,Distance to corresponding district capital,secondary,continuous,common_h_rdhte,rdhte,assignment_hte,.0075,42,22,22,44,1,21.191694,9.7422667,.029612694,2.0972037,40.286186,15.727614,1.3474195,.13334532,2.5614936,,,,,,,1,assignment_hte_supported,0,,.1740239858627319
P01,ln_sisfoh2013_population,Log rostered population,1,1,S03,Baseline CCPP economic development,secondary,continuous,common_h_covariates,ivreg2,fuzzy_late_interaction,.0075,41,22,22,43,1,-.030322978,.34725118,.93041486,-.71092278,.65027678,1.1692562,-.02593356,-.6080128,.55614567,1.5056461,4.6830401,3.3110802,3.3110802,.052716147,.72339594,0,underidentified,0,,
P01,ln_sisfoh2013_population,Log rostered population,1,1,S03,Baseline CCPP economic development,secondary,continuous,common_h_iv,ivreg2,fuzzy_late_interaction,.0075,43,22,22,45,1,-.52436584,.9825533,.59356517,-2.450135,1.4014032,1.1517433,-.45528013,-2.1273272,1.216767,.97451401,2.7996526,2.1186087,2.1186087,.092391722,.89452273,0,underidentified,0,,.8443943170400766
P01,ln_sisfoh2013_population,Log rostered population,1,1,S03,Baseline CCPP economic development,secondary,continuous,common_h_rdhte,rdhte,assignment_hte,.0075,43,22,22,45,1,-.26955694,.7634654,.72403574,-1.7659216,1.2268077,1.1517433,-.23404256,-1.5332597,1.0651746,,,,,,,1,assignment_hte_supported,0,,.8868431880556303
P02,ln_sisfoh2013_households,Log rostered households,2,1,S03,Baseline CCPP economic development,secondary,continuous,common_h_covariates,ivreg2,fuzzy_late_interaction,.0075,41,22,22,43,1,.00047817477,.34475657,.99889332,-.67523229,.67618865,1.0526391,.00045426277,-.64146608,.64237463,1.5056461,4.6830401,3.3110802,3.3110802,.052716147,.92078578,0,underidentified,0,,
P02,ln_sisfoh2013_households,Log rostered households,2,1,S03,Baseline CCPP economic development,secondary,continuous,common_h_iv,ivreg2,fuzzy_late_interaction,.0075,43,22,22,45,1,-.35617435,.87578583,.68423486,-2.0726831,1.3603344,1.0373689,-.34334394,-1.9980192,1.3113313,.97451401,2.7996526,2.1186087,2.1186087,.092391722,.93803352,0,underidentified,0,,.8443943170400766
P02,ln_sisfoh2013_households,Log rostered households,2,1,S03,Baseline CCPP economic development,secondary,continuous,common_h_rdhte,rdhte,assignment_hte,.0075,43,22,22,45,1,.08705169,.59731156,.88412732,-1.0836575,1.2577609,1.0373689,.083915845,-1.0446211,1.2124528,,,,,,,1,assignment_hte_supported,0,,.9126475549513293
P03,share_age_15_29_2013,Residents age 15-29,3,100,S03,Baseline CCPP economic development,secondary,continuous,common_h_covariates,ivreg2,fuzzy_late_interaction,.0075,41,22,22,43,1,18.083828,18.636826,.33188316,-18.44368,54.611336,13.763603,1.3138877,-1.3400328,3.9678082,1.5056461,4.6830401,3.3110802,3.3110802,.052716147,.019893298,0,underidentified,0,,
P03,share_age_15_29_2013,Residents age 15-29,3,100,S03,Baseline CCPP economic development,secondary,continuous,common_h_iv,ivreg2,fuzzy_late_interaction,.0075,43,22,22,45,1,28.946871,24.524969,.23788011,-19.121185,77.014923,13.53303,2.1389794,-1.4129272,5.690886,.97451401,2.7996526,2.1186087,2.1186087,.092391722,.1146111,0,underidentified,0,,.8443943170400766
P03,share_age_15_29_2013,Residents age 15-29,3,100,S03,Baseline CCPP economic development,secondary,continuous,common_h_rdhte,rdhte,assignment_hte,.0075,43,22,22,45,1,39.837105,18.644979,.032629497,3.2936141,76.380592,13.53303,2.9436944,.24337596,5.6440129,,,,,,,1,assignment_hte_supported,0,,.1740239858627319
P04,share_any_program_2013,Residents in any social program,4,100,S03,Baseline CCPP economic development,secondary,continuous,common_h_covariates,ivreg2,fuzzy_late_interaction,.0075,41,22,22,43,1,-18.654922,14.979198,.21298894,-48.013611,10.703767,13.993115,-1.33315,-3.431231,.7649309,1.5056461,4.6830401,3.3110802,3.3110802,.052716147,.35845602,0,underidentified,0,,
P04,share_any_program_2013,Residents in any social program,4,100,S03,Baseline CCPP economic development,secondary,continuous,common_h_iv,ivreg2,fuzzy_late_interaction,.0075,43,22,22,45,1,-38.020199,36.211407,.29374069,-108.99325,32.952854,13.938599,-2.7276917,-7.8195271,2.3641438,.97451401,2.7996526,2.1186087,2.1186087,.092391722,.30893382,0,underidentified,0,,.8443943170400766
P04,share_any_program_2013,Residents in any social program,4,100,S03,Baseline CCPP economic development,secondary,continuous,common_h_rdhte,rdhte,assignment_hte,.0075,43,22,22,45,1,-30.841444,24.631428,.210527,-79.118156,17.435266,13.938599,-2.2126646,-5.6761913,1.2508622,,,,,,,1,assignment_hte_supported,0,,.561405340830485
P05,wellbeing_core_proxy_2013,Core wellbeing proxy,5,100,S03,Baseline CCPP economic development,secondary,continuous,common_h_covariates,ivreg2,fuzzy_late_interaction,.0075,41,22,22,43,1,-3.1596553,16.27902,.84610254,-35.065948,28.746639,12.313388,-.25660324,-2.8477905,2.334584,1.5056461,4.6830401,3.3110802,3.3110802,.052716147,.71052116,0,underidentified,0,,
P05,wellbeing_core_proxy_2013,Core wellbeing proxy,5,100,S03,Baseline CCPP economic development,secondary,continuous,common_h_iv,ivreg2,fuzzy_late_interaction,.0075,43,22,22,45,1,.86230385,21.366917,.96780854,-41.016087,42.740692,12.264152,.070310928,-3.3443882,3.4850101,.97451401,2.7996526,2.1186087,2.1186087,.092391722,.7659601,0,underidentified,0,,.9959324598312378
P05,wellbeing_core_proxy_2013,Core wellbeing proxy,5,100,S03,Baseline CCPP economic development,secondary,continuous,common_h_rdhte,rdhte,assignment_hte,.0075,43,22,22,45,1,10.338116,16.440899,.52947688,-21.885452,42.561684,12.264152,.84295404,-1.7845061,3.4704142,,,,,,,1,assignment_hte_supported,0,,.8355476545250934
P06,share_nbi_any_2013,Households with any unmet basic need,6,100,S03,Baseline CCPP economic development,secondary,continuous,common_h_covariates,ivreg2,fuzzy_late_interaction,.0075,41,22,22,43,1,29.437735,28.88711,.30817389,-27.179962,86.055428,28.583105,1.0298998,-.95091003,3.0107095,1.5056461,4.6830401,3.3110802,3.3110802,.052716147,.64208722,0,underidentified,0,,
P06,share_nbi_any_2013,Households with any unmet basic need,6,100,S03,Baseline CCPP economic development,secondary,continuous,common_h_iv,ivreg2,fuzzy_late_interaction,.0075,43,22,22,45,1,47.224831,59.523777,.42755789,-69.439629,163.8893,28.377171,1.6641839,-2.4470243,5.7753921,.97451401,2.7996526,2.1186087,2.1186087,.092391722,.57047606,0,underidentified,0,,.8443943170400766
P06,share_nbi_any_2013,Households with any unmet basic need,6,100,S03,Baseline CCPP economic development,secondary,continuous,common_h_rdhte,rdhte,assignment_hte,.0075,43,22,22,45,1,15.841949,29.646412,.5930903,-42.26395,73.947845,28.377171,.5582639,-1.4893644,2.6058922,,,,,,,1,assignment_hte_supported,0,,.8355476545250934
P07,labor_force_participation_2013,Labor-force participation,7,100,S03,Baseline CCPP economic development,secondary,continuous,common_h_covariates,ivreg2,fuzzy_late_interaction,.0075,41,22,22,43,1,7.1830168,15.494245,.64293969,-23.185144,37.551178,15.319365,.46888477,-1.5134535,2.4512229,1.5056461,4.6830401,3.3110802,3.3110802,.052716147,.85145271,0,underidentified,0,,
P07,labor_force_participation_2013,Labor-force participation,7,100,S03,Baseline CCPP economic development,secondary,continuous,common_h_iv,ivreg2,fuzzy_late_interaction,.0075,43,22,22,45,1,25.851078,25.897938,.31818694,-24.907948,76.6101,14.978951,1.725827,-1.6628634,5.1145172,.97451401,2.7996526,2.1186087,2.1186087,.092391722,.32789078,0,underidentified,0,,.8443943170400766
P07,labor_force_participation_2013,Labor-force participation,7,100,S03,Baseline CCPP economic development,secondary,continuous,common_h_rdhte,rdhte,assignment_hte,.0075,43,22,22,45,1,19.874878,15.032469,.18612489,-9.5882215,49.337975,14.978951,1.3268538,-.640113,3.2938206,,,,,,,1,assignment_hte_supported,0,,.5414542284878817
P08,share_educ_secondaryplus_2013,Secondary education or higher,8,100,S03,Baseline CCPP economic development,secondary,continuous,common_h_covariates,ivreg2,fuzzy_late_interaction,.0075,41,22,22,43,1,-.14477047,22.906712,.99495739,-45.0411,44.75156,15.72756,-.0092048906,-2.8638327,2.845423,1.5056461,4.6830401,3.3110802,3.3110802,.052716147,.5638203,0,underidentified,0,,
P08,share_educ_secondaryplus_2013,Secondary education or higher,8,100,S03,Baseline CCPP economic development,secondary,continuous,common_h_iv,ivreg2,fuzzy_late_interaction,.0075,43,22,22,45,1,4.091434,31.002333,.8950066,-56.67202,64.854889,15.745008,.25985596,-3.5993643,4.1190763,.97451401,2.7996526,2.1186087,2.1186087,.092391722,.50323695,0,underidentified,0,,.954673703511556
P08,share_educ_secondaryplus_2013,Secondary education or higher,8,100,S03,Baseline CCPP economic development,secondary,continuous,common_h_rdhte,rdhte,assignment_hte,.0075,43,22,22,45,1,14.60044,20.741516,.48148042,-26.052183,55.253063,15.745008,.92730594,-1.6546313,3.5092432,,,,,,,1,assignment_hte_supported,0,,.8355476545250934
P01,ln_sisfoh2013_population,Log rostered population,1,1,S05,CCPP altitude,secondary,continuous,common_h_covariates,ivreg2,fuzzy_late_interaction,.0075,41,22,22,43,1,-2.1724722,3.8033955,.56786895,-9.6269903,5.2820458,1.1692562,-1.857995,-8.2334309,4.5174408,.17098856,.66456932,.34398782,.34398782,.44747069,.49578282,0,underidentified,0,,
P01,ln_sisfoh2013_population,Log rostered population,1,1,S05,CCPP altitude,secondary,continuous,common_h_iv,ivreg2,fuzzy_late_interaction,.0075,42,22,22,44,1,-7.7999144,18.250227,.66909724,-43.569702,27.969872,1.1571223,-6.740787,-37.6535,24.171925,.10519468,.23903386,.2104715,.2104715,.59669042,.43397805,0,underidentified,0,,.8443943170400766
P01,ln_sisfoh2013_population,Log rostered population,1,1,S05,CCPP altitude,secondary,continuous,common_h_rdhte,rdhte,assignment_hte,.0075,42,22,22,44,1,-1.3006216,.77446508,.093077905,-2.8185453,.21730211,1.1571223,-1.124014,-2.4358234,.1877953,,,,,,,1,assignment_hte_supported,0,,.3309436639149984
P02,ln_sisfoh2013_households,Log rostered households,2,1,S05,CCPP altitude,secondary,continuous,common_h_covariates,ivreg2,fuzzy_late_interaction,.0075,41,22,22,43,1,-1.8686275,2.8568487,.5130558,-7.467948,3.7306931,1.0526391,-1.7751834,-7.0945001,3.5441332,.17098856,.66456932,.34398782,.34398782,.44747069,.13006219,0,underidentified,0,,
P02,ln_sisfoh2013_households,Log rostered households,2,1,S05,CCPP altitude,secondary,continuous,common_h_iv,ivreg2,fuzzy_late_interaction,.0075,42,22,22,44,1,-6.7316122,14.91091,.65166128,-35.956459,22.493235,1.0428447,-6.4550481,-34.47921,21.569113,.10519468,.23903386,.2104715,.2104715,.59669042,.32766888,0,underidentified,0,,.8443943170400766
P02,ln_sisfoh2013_households,Log rostered households,2,1,S05,CCPP altitude,secondary,continuous,common_h_rdhte,rdhte,assignment_hte,.0075,42,22,22,44,1,-1.1647757,.63154519,.065135539,-2.4025815,.073030144,1.0428447,-1.1169215,-2.3038728,.070029743,,,,,,,1,assignment_hte_supported,0,,.2605421543121338
P03,share_age_15_29_2013,Residents age 15-29,3,100,S05,CCPP altitude,secondary,continuous,common_h_covariates,ivreg2,fuzzy_late_interaction,.0075,41,22,22,43,1,53.675266,88.069336,.54221559,-118.93746,226.28799,13.763603,3.8997977,-8.641448,16.441044,.17098856,.66456932,.34398782,.34398782,.44747069,.038762711,0,underidentified,0,,
P03,share_age_15_29_2013,Residents age 15-29,3,100,S05,CCPP altitude,secondary,continuous,common_h_iv,ivreg2,fuzzy_late_interaction,.0075,42,22,22,44,1,83.790756,181.88722,.64503235,-272.70163,440.28314,13.620196,6.1519494,-20.021858,32.325756,.10519468,.23903386,.2104715,.2104715,.59669042,.09009409,0,underidentified,0,,.8443943170400766
P03,share_age_15_29_2013,Residents age 15-29,3,100,S05,CCPP altitude,secondary,continuous,common_h_rdhte,rdhte,assignment_hte,.0075,42,22,22,44,1,-1.8747116,7.1422873,.79295099,-15.873338,12.123915,13.620196,-.13764206,-1.1654265,.89014244,,,,,,,1,assignment_hte_supported,0,,.8868431880556303
P04,share_any_program_2013,Residents in any social program,4,100,S05,CCPP altitude,secondary,continuous,common_h_covariates,ivreg2,fuzzy_late_interaction,.0075,41,22,22,43,1,105.47987,142.15636,.45808795,-173.14146,384.10123,13.993115,7.5379834,-12.373332,27.449299,.17098856,.66456932,.34398782,.34398782,.44747069,.17013192,0,underidentified,0,,
P04,share_any_program_2013,Residents in any social program,4,100,S05,CCPP altitude,secondary,continuous,common_h_iv,ivreg2,fuzzy_late_interaction,.0075,42,22,22,44,1,130.61848,244.96234,.59388226,-349.49887,610.73584,14.081318,9.2760124,-24.82004,43.372066,.10519468,.23903386,.2104715,.2104715,.59669042,.11050443,0,underidentified,0,,.8443943170400766
P04,share_any_program_2013,Residents in any social program,4,100,S05,CCPP altitude,secondary,continuous,common_h_rdhte,rdhte,assignment_hte,.0075,42,22,22,44,1,9.7434139,8.8762999,.27234042,-7.6538138,27.140642,14.081318,.69193906,-.54354382,1.9274219,,,,,,,1,assignment_hte_supported,0,,.6703764108511118
P05,wellbeing_core_proxy_2013,Core wellbeing proxy,5,100,S05,CCPP altitude,secondary,continuous,common_h_covariates,ivreg2,fuzzy_late_interaction,.0075,41,22,22,43,1,1.9504133,44.771564,.96525222,-85.80024,89.701073,12.313388,.15839778,-6.9680448,7.2848406,.17098856,.66456932,.34398782,.34398782,.44747069,.83867723,0,underidentified,0,,
P05,wellbeing_core_proxy_2013,Core wellbeing proxy,5,100,S05,CCPP altitude,secondary,continuous,common_h_iv,ivreg2,fuzzy_late_interaction,.0075,42,22,22,44,1,-18.028835,68.164421,.79140204,-151.62865,115.57097,12.360498,-1.4585848,-12.267195,9.3500252,.10519468,.23903386,.2104715,.2104715,.59669042,.78972435,0,underidentified,0,,.9044594764709473
P05,wellbeing_core_proxy_2013,Core wellbeing proxy,5,100,S05,CCPP altitude,secondary,continuous,common_h_rdhte,rdhte,assignment_hte,.0075,42,22,22,44,1,-18.994915,7.4274788,.010546275,-33.552505,-4.4373236,12.360498,-1.5367435,-2.7144947,-.35899231,,,,,,,1,assignment_hte_supported,0,,.144048144419988
P06,share_nbi_any_2013,Households with any unmet basic need,6,100,S05,CCPP altitude,secondary,continuous,common_h_covariates,ivreg2,fuzzy_late_interaction,.0075,41,22,22,43,1,-201.02682,319.57526,.52932042,-827.38281,425.32916,28.583105,-7.0330644,-28.946568,14.880439,.17098856,.66456932,.34398782,.34398782,.44747069,.21229473,0,underidentified,0,,
P06,share_nbi_any_2013,Households with any unmet basic need,6,100,S05,CCPP altitude,secondary,continuous,common_h_iv,ivreg2,fuzzy_late_interaction,.0075,42,22,22,44,1,-253.71814,556.03571,.64817548,-1343.5281,836.0918,28.370176,-8.9431286,-47.357059,29.4708,.10519468,.23903386,.2104715,.2104715,.59669042,.31854063,0,underidentified,0,,.8443943170400766
P06,share_nbi_any_2013,Households with any unmet basic need,6,100,S05,CCPP altitude,secondary,continuous,common_h_rdhte,rdhte,assignment_hte,.0075,42,22,22,44,1,-.6043694,14.318517,.96633214,-28.668148,27.459408,28.370176,-.021302985,-1.0105029,.967897,,,,,,,1,assignment_hte_supported,0,,.9663321375846863
P07,labor_force_participation_2013,Labor-force participation,7,100,S05,CCPP altitude,secondary,continuous,common_h_covariates,ivreg2,fuzzy_late_interaction,.0075,41,22,22,43,1,-22.777933,70.357666,.74613118,-160.67642,115.12055,15.319365,-1.486872,-10.488452,7.5147085,.17098856,.66456932,.34398782,.34398782,.44747069,.61192483,0,underidentified,0,,
P07,labor_force_participation_2013,Labor-force participation,7,100,S05,CCPP altitude,secondary,continuous,common_h_iv,ivreg2,fuzzy_late_interaction,.0075,42,22,22,44,1,.44131932,86.568565,.99593246,-169.22995,170.11258,15.146849,.029136047,-11.172617,11.230889,.10519468,.23903386,.2104715,.2104715,.59669042,.70946032,0,underidentified,0,,.9959324598312378
P07,labor_force_participation_2013,Labor-force participation,7,100,S05,CCPP altitude,secondary,continuous,common_h_rdhte,rdhte,assignment_hte,.0075,42,22,22,44,1,7.2121491,8.9594975,.42083552,-10.348143,24.772442,15.146849,.47614849,-.68318784,1.6354848,,,,,,,1,assignment_hte_supported,0,,.8355476545250934
P08,share_educ_secondaryplus_2013,Secondary education or higher,8,100,S05,CCPP altitude,secondary,continuous,common_h_covariates,ivreg2,fuzzy_late_interaction,.0075,41,22,22,43,1,79.327003,143.32077,.57992607,-201.57654,360.23053,15.72756,5.0438209,-12.816771,22.904413,.17098856,.66456932,.34398782,.34398782,.44747069,.23544392,0,underidentified,0,,
P08,share_educ_secondaryplus_2013,Secondary education or higher,8,100,S05,CCPP altitude,secondary,continuous,common_h_iv,ivreg2,fuzzy_late_interaction,.0075,42,22,22,44,1,110.75314,255.99171,.66527385,-390.98141,612.48767,15.727614,7.0419536,-24.859549,38.943459,.10519468,.23903386,.2104715,.2104715,.59669042,.31660989,0,underidentified,0,,.8443943170400766
P08,share_educ_secondaryplus_2013,Secondary education or higher,8,100,S05,CCPP altitude,secondary,continuous,common_h_rdhte,rdhte,assignment_hte,.0075,42,22,22,44,1,-5.7036343,8.0812607,.48032168,-21.542614,10.135345,15.727614,-.36265096,-1.3697318,.64442986,,,,,,,1,assignment_hte_supported,0,,.8355476545250934
