outcome_id,outcome_label,paper_order,moderator_id,moderator_label,moderator_order,moderator_tier,value_label,raw_value,standardized_value,estimate,standard_error,pvalue,ci_low,ci_high,control_sd,standardized_estimate,standardized_ci_low,standardized_ci_high,gate_pass,gate_status
I01,Female,1,M01,Log baseline CCPP population,1,primary,P25,4.553876891600541,-.59157062,-5.9388609,5.7317972,.30014363,-17.172977,5.2952552,49.92347,-.11895929,-.34398603,.10606745,0,underidentified
I01,Female,1,M01,Log baseline CCPP population,1,primary,P50,5.159055299214529,-.0041603837,3.1851959,7.7099929,.67951453,-11.926113,18.296505,49.92347,.063801572,-.23888791,.36649105,0,underidentified
I01,Female,1,M01,Log baseline CCPP population,1,primary,P75,5.717027701406222,.53742981,11.597545,13.115705,.37656197,-14.108764,37.303852,49.92347,.23230647,-.28260782,.74722075,0,underidentified
I02,Age 15-29,2,M01,Log baseline CCPP population,1,primary,P25,4.553876891600541,-.59157062,-32.242367,19.060102,.090719305,-69.59948,5.1147494,45.775349,-.7043609,-1.5204576,.11173589,0,underidentified
I02,Age 15-29,2,M01,Log baseline CCPP population,1,primary,P50,5.159055299214529,-.0041603837,-3.892698,18.376793,.83224213,-39.910549,32.125156,45.775349,-.085039176,-.87187862,.70180029,0,underidentified
I02,Age 15-29,2,M01,Log baseline CCPP population,1,primary,P75,5.717027701406222,.53742981,22.245598,31.642462,.4820371,-39.772488,84.263687,45.775349,.4859733,-.86886257,1.8408092,0,underidentified
I03,Secondary education or higher,3,M01,Log baseline CCPP population,1,primary,P25,4.553876891600541,-.59157062,-15.561881,12.375553,.20858368,-39.81752,8.693758,49.444603,-.31473365,-.80529559,.17582826,0,underidentified
I03,Secondary education or higher,3,M01,Log baseline CCPP population,1,primary,P50,5.159055299214529,-.0041603837,-9.358305,16.98978,.58175731,-42.657661,23.941051,49.444603,-.18926848,-.8627364,.48419946,0,underidentified
I03,Secondary education or higher,3,M01,Log baseline CCPP population,1,primary,P75,5.717027701406222,.53742981,-3.6386297,27.22369,.89367402,-56.996082,49.718822,49.444603,-.073590025,-1.1527261,1.005546,0,underidentified
I04,Employed in the preceding month,4,M01,Log baseline CCPP population,1,primary,P25,4.553876891600541,-.59157062,7.6997404,7.3283181,.2934041,-6.6634989,22.062979,49.91423,.15425943,-.13349898,.44201782,0,underidentified
I04,Employed in the preceding month,4,M01,Log baseline CCPP population,1,primary,P50,5.159055299214529,-.0041603837,22.098175,15.729152,.16004553,-8.7303963,52.926746,49.91423,.44272295,-.17490795,1.0603539,0,underidentified
I04,Employed in the preceding month,4,M01,Log baseline CCPP population,1,primary,P75,5.717027701406222,.53742981,35.373482,26.943605,.18922636,-17.435013,88.181976,49.91423,.70868534,-.34929943,1.7666701,0,underidentified
I05,Independent worker,5,M01,Log baseline CCPP population,1,primary,P25,4.553876891600541,-.59157062,1.9056519,8.3926516,.82037556,-14.543643,18.354946,49.795662,.038269434,-.29206645,.36860535,0,underidentified
I05,Independent worker,5,M01,Log baseline CCPP population,1,primary,P50,5.159055299214529,-.0041603837,17.137302,18.283558,.34860078,-18.697813,52.97242,49.795662,.34415254,-.37549081,1.0637958,0,underidentified
I05,Independent worker,5,M01,Log baseline CCPP population,1,primary,P75,5.717027701406222,.53742981,31.180834,31.028463,.31493989,-29.633837,91.995506,49.795662,.6261757,-.59510881,1.8474602,0,underidentified
I06,Any health insurance,6,M01,Log baseline CCPP population,1,primary,P25,4.553876891600541,-.59157062,-22.841948,27.793539,.41116577,-77.316284,31.632387,35.882141,-.63658267,-2.1547289,.88156354,0,underidentified
I06,Any health insurance,6,M01,Log baseline CCPP population,1,primary,P50,5.159055299214529,-.0041603837,-11.146328,26.373102,.67255795,-62.836658,40.544003,35.882141,-.31063724,-1.751196,1.1299216,0,underidentified
I06,Any health insurance,6,M01,Log baseline CCPP population,1,primary,P75,5.717027701406222,.53742981,-.3630071,44.407955,.99347788,-87.401001,86.674988,35.882141,-.010116652,-2.43578,2.4155469,0,underidentified
I07,Any listed social program,7,M01,Log baseline CCPP population,1,primary,P25,4.553876891600541,-.59157062,13.93314,11.866604,.24033605,-9.324975,37.191254,42.828854,.32532132,-.21772647,.8683691,0,underidentified
I07,Any listed social program,7,M01,Log baseline CCPP population,1,primary,P50,5.159055299214529,-.0041603837,7.3719225,15.230151,.62836123,-22.478624,37.222469,42.828854,.17212513,-.52484769,.86909795,0,underidentified
I07,Any listed social program,7,M01,Log baseline CCPP population,1,primary,P75,5.717027701406222,.53742981,1.3225025,22.088739,.95225739,-41.970631,44.615639,42.828854,.030878773,-.97996157,1.0417191,0,underidentified
I08,Juntos participation,8,M01,Log baseline CCPP population,1,primary,P25,4.553876891600541,-.59157062,8.4688482,7.1132283,.23381956,-5.4728231,22.410519,36.959873,.22913627,-.14807472,.60634726,0,underidentified
I08,Juntos participation,8,M01,Log baseline CCPP population,1,primary,P50,5.159055299214529,-.0041603837,3.2963662,11.377874,.77203256,-19.003859,25.59659,36.959873,.089187697,-.51417542,.69255078,0,underidentified
I08,Juntos participation,8,M01,Log baseline CCPP population,1,primary,P75,5.717027701406222,.53742981,-1.4726446,17.821186,.93414217,-36.401527,33.456238,36.959873,-.039844416,-.98489314,.90520436,0,underidentified
I02,Age 15-29,2,M03,Female respondent,3,primary,Men,0,0,-14.925035,8.4031305,.075711854,-31.394869,1.5447996,45.775349,-.3260496,-.68584663,.033747412,0,weak_interaction_instruments
I02,Age 15-29,2,M03,Female respondent,3,primary,Women,1,1,-28.54409,18.056158,.11391217,-63.93351,6.8453288,45.775349,-.62356901,-1.3966798,.14954181,0,weak_interaction_instruments
I03,Secondary education or higher,3,M03,Female respondent,3,primary,Men,0,0,.14646105,13.935687,.99161458,-27.166985,27.459908,49.444603,.0029621241,-.54944289,.55536711,0,weak_interaction_instruments
I03,Secondary education or higher,3,M03,Female respondent,3,primary,Women,1,1,-27.163406,17.523235,.12110876,-61.508316,7.1815038,49.444603,-.54937047,-1.2439845,.14524342,0,weak_interaction_instruments
I04,Employed in the preceding month,4,M03,Female respondent,3,primary,Men,0,0,12.976927,5.9028821,.027920231,1.4074913,24.546364,49.91423,.25998452,.028198197,.49177083,0,weak_interaction_instruments
I04,Employed in the preceding month,4,M03,Female respondent,3,primary,Women,1,1,6.854363,19.386353,.72366387,-31.142189,44.850914,49.91423,.13732281,-.62391406,.89855969,0,weak_interaction_instruments
I05,Independent worker,5,M03,Female respondent,3,primary,Men,0,0,11.149566,11.828286,.34587592,-12.03345,34.332581,49.795662,.22390635,-.24165659,.68946928,0,weak_interaction_instruments
I05,Independent worker,5,M03,Female respondent,3,primary,Women,1,1,-2.5109119,19.929785,.89974147,-41.572571,36.550747,49.795662,-.050424311,-.83486331,.73401469,0,weak_interaction_instruments
I06,Any health insurance,6,M03,Female respondent,3,primary,Men,0,0,-20.155651,27.520737,.46393636,-74.095306,33.784,35.882141,-.56171823,-2.0649633,.94152695,0,weak_interaction_instruments
I06,Any health insurance,6,M03,Female respondent,3,primary,Women,1,1,-17.602785,19.354507,.3630901,-55.536922,20.331354,35.882141,-.49057233,-1.5477595,.56661487,0,weak_interaction_instruments
I07,Any listed social program,7,M03,Female respondent,3,primary,Men,0,0,-3.7684224,4.7398396,.42658281,-13.058337,5.5214925,42.828854,-.087987937,-.30489579,.12891991,0,weak_interaction_instruments
I07,Any listed social program,7,M03,Female respondent,3,primary,Women,1,1,24.72473,17.252665,.15183035,-9.0898733,58.53933,42.828854,.57729137,-.21223712,1.3668199,0,weak_interaction_instruments
I08,Juntos participation,8,M03,Female respondent,3,primary,Men,0,0,.073750064,1.435709,.95903194,-2.7401879,2.8876879,36.959873,.0019954089,-.074139528,.07813035,0,weak_interaction_instruments
I08,Juntos participation,8,M03,Female respondent,3,primary,Women,1,1,12.184661,12.043368,.31166622,-11.419907,35.78923,36.959873,.32967266,-.30898121,.96832657,0,weak_interaction_instruments
I01,Female,1,S01,Baseline CCPP deprivation,4,secondary,P25,.6211890243902439,-.55887467,-9.9249754,12.632265,.43205231,-34.683762,14.83381,49.92078,-.19881451,-.694776,.29714698,0,weak_interaction_instruments
I01,Female,1,S01,Baseline CCPP deprivation,4,secondary,P50,.6902332144979204,.042959813,-9.0651245,9.8278217,.35632303,-28.327301,10.197051,49.92078,-.1815902,-.56744504,.20426466,0,weak_interaction_instruments
I01,Female,1,S01,Baseline CCPP deprivation,4,secondary,P75,.766946150212565,.71164012,-8.1097708,7.9924421,.31025842,-23.774668,7.5551281,49.92078,-.1624528,-.47624794,.15134235,0,weak_interaction_instruments
I02,Age 15-29,2,S01,Baseline CCPP deprivation,4,secondary,P25,.6211890243902439,-.55887467,-45.049641,38.591377,.2430691,-120.68735,30.58807,45.851414,-.98251361,-2.6321402,.66711289,0,weak_interaction_instruments
I02,Age 15-29,2,S01,Baseline CCPP deprivation,4,secondary,P50,.6902332144979204,.042959813,-38.283272,26.80962,.15330112,-90.829163,14.262615,45.851414,-.83494204,-1.9809457,.31106162,0,weak_interaction_instruments
I02,Age 15-29,2,S01,Baseline CCPP deprivation,4,secondary,P75,.766946150212565,.71164012,-30.765368,16.41597,.06091499,-62.940079,1.4093436,45.851414,-.67097968,-1.3726965,.03073719,0,weak_interaction_instruments
I03,Secondary education or higher,3,S01,Baseline CCPP deprivation,4,secondary,P25,.6211890243902439,-.55887467,-45.96582,43.866604,.29470563,-131.94278,40.011143,49.500423,-.92859447,-2.665488,.80829906,0,weak_interaction_instruments
I03,Secondary education or higher,3,S01,Baseline CCPP deprivation,4,secondary,P50,.6902332144979204,.042959813,-32.845169,29.544794,.26626393,-90.7519,25.061562,49.500423,-.66353315,-1.8333561,.50628984,0,weak_interaction_instruments
I03,Secondary education or higher,3,S01,Baseline CCPP deprivation,4,secondary,P75,.766946150212565,.71164012,-18.267208,16.909719,.28001812,-51.409649,14.875233,49.500423,-.36903137,-1.0385699,.30050719,0,weak_interaction_instruments
I04,Employed in the preceding month,4,S01,Baseline CCPP deprivation,4,secondary,P25,.6211890243902439,-.55887467,36.953136,33.83886,.27481884,-29.369814,103.27608,49.908798,.74041325,-.58846968,2.0692961,0,weak_interaction_instruments
I04,Employed in the preceding month,4,S01,Baseline CCPP deprivation,4,secondary,P50,.6902332144979204,.042959813,24.610207,22.487324,.27377805,-19.46414,68.684555,49.908798,.49310359,-.38999414,1.3762013,0,weak_interaction_instruments
I04,Employed in the preceding month,4,S01,Baseline CCPP deprivation,4,secondary,P75,.766946150212565,.71164012,10.896348,12.407228,.37982118,-13.421372,35.214069,49.908798,.2183252,-.26891798,.70556837,0,weak_interaction_instruments
I05,Independent worker,5,S01,Baseline CCPP deprivation,4,secondary,P25,.6211890243902439,-.55887467,34.250797,39.438797,.38514563,-43.047825,111.54942,49.79105,.68789059,-.86456949,2.2403507,0,weak_interaction_instruments
I05,Independent worker,5,S01,Baseline CCPP deprivation,4,secondary,P50,.6902332144979204,.042959813,18.762671,26.305065,.47567734,-32.794308,70.319649,49.79105,.37682816,-.6586386,1.412295,0,weak_interaction_instruments
I05,Independent worker,5,S01,Baseline CCPP deprivation,4,secondary,P75,.766946150212565,.71164012,1.5542779,14.571213,.91505259,-27.004776,30.113331,49.79105,.031216009,-.54236203,.60479403,0,weak_interaction_instruments
I06,Any health insurance,6,S01,Baseline CCPP deprivation,4,secondary,P25,.6211890243902439,-.55887467,-87.343719,75.276329,.24592346,-234.88261,60.195171,36.119488,-2.4181883,-6.5029335,1.6665567,0,weak_interaction_instruments
I06,Any health insurance,6,S01,Baseline CCPP deprivation,4,secondary,P50,.6902332144979204,.042959813,-56.000278,48.270733,.2459963,-150.60918,38.608624,36.119488,-1.5504173,-4.1697488,1.0689139,0,weak_interaction_instruments
I06,Any health insurance,6,S01,Baseline CCPP deprivation,4,secondary,P75,.766946150212565,.71164012,-21.175516,20.296574,.29680708,-60.95607,18.605038,36.119488,-.58626294,-1.6876228,.51509696,0,weak_interaction_instruments
I07,Any listed social program,7,S01,Baseline CCPP deprivation,4,secondary,P25,.6211890243902439,-.55887467,-10.040728,22.329239,.65295041,-53.805233,33.723778,42.630501,-.2355292,-1.26213,.79107159,0,weak_interaction_instruments
I07,Any listed social program,7,S01,Baseline CCPP deprivation,4,secondary,P50,.6902332144979204,.042959813,2.5747464,16.136429,.87322682,-29.052073,34.201565,42.630501,.060396813,-.68148565,.80227923,0,weak_interaction_instruments
I07,Any listed social program,7,S01,Baseline CCPP deprivation,4,secondary,P75,.766946150212565,.71164012,16.591423,12.134268,.17152515,-7.1913056,40.374149,42.630501,.38919136,-.16868922,.94707191,0,weak_interaction_instruments
I08,Juntos participation,8,S01,Baseline CCPP deprivation,4,secondary,P25,.6211890243902439,-.55887467,-7.7317848,16.570467,.64078587,-40.209301,24.745733,36.770576,-.21027096,-1.0935184,.67297643,0,weak_interaction_instruments
I08,Juntos participation,8,S01,Baseline CCPP deprivation,4,secondary,P50,.6902332144979204,.042959813,.30861115,11.674103,.97890997,-22.57221,23.189432,36.770576,.0083928825,-.61386603,.63065183,0,weak_interaction_instruments
I08,Juntos participation,8,S01,Baseline CCPP deprivation,4,secondary,P75,.766946150212565,.71164012,9.2420549,7.6206374,.22521907,-5.6941204,24.17823,36.770576,.25134373,-.15485534,.65754282,0,weak_interaction_instruments
I01,Female,1,S02,Distance to corresponding district capital,5,secondary,P25,1.053072171874275,-.62257594,-5.5350308,18.20406,.76108617,-41.214329,30.144268,49.918179,-.11088207,-.82563776,.60387361,0,underidentified
I01,Female,1,S02,Distance to corresponding district capital,5,secondary,P50,1.697138367819131,.071245395,-4.3562355,10.491397,.67798102,-24.918995,16.206524,49.918179,-.087267518,-.4991968,.32466179,0,underidentified
I01,Female,1,S02,Distance to corresponding district capital,5,secondary,P75,2.278341839854977,.69734776,-3.2924933,6.1208634,.59063697,-15.289165,8.7041788,49.918179,-.065957807,-.30628455,.17436893,0,underidentified
I02,Age 15-29,2,S02,Distance to corresponding district capital,5,secondary,P25,1.053072171874275,-.62257594,-64.162704,59.624931,.28188017,-181.02542,52.700016,45.603096,-1.4069813,-3.9695864,1.1556237,0,underidentified
I02,Age 15-29,2,S02,Distance to corresponding district capital,5,secondary,P50,1.697138367819131,.071245395,-37.404301,32.910637,.25573009,-101.90797,27.099365,45.603096,-.82021409,-2.2346721,.594244,0,underidentified
I02,Age 15-29,2,S02,Distance to corresponding district capital,5,secondary,P75,2.278341839854977,.69734776,-13.257594,18.253881,.46766156,-49.034542,22.519354,45.603096,-.29071701,-1.075246,.49381199,0,underidentified
I03,Secondary education or higher,3,S02,Distance to corresponding district capital,5,secondary,P25,1.053072171874275,-.62257594,-30.349222,30.480423,.31939808,-90.089752,29.39131,49.384804,-.61454576,-1.8242404,.59514886,0,underidentified
I03,Secondary education or higher,3,S02,Distance to corresponding district capital,5,secondary,P50,1.697138367819131,.071245395,-19.604748,17.683226,.26757538,-54.263233,15.05374,49.384804,-.39697933,-1.098784,.30482534,0,underidentified
I03,Secondary education or higher,3,S02,Distance to corresponding district capital,5,secondary,P75,2.278341839854977,.69734776,-9.9089632,11.838526,.40258703,-33.112045,13.294121,49.384804,-.20064801,-.67049062,.26919457,0,underidentified
I04,Employed in the preceding month,4,S02,Distance to corresponding district capital,5,secondary,P25,1.053072171874275,-.62257594,.70384401,23.029293,.97561806,-44.432739,45.840427,49.920944,.014099172,-.89006203,.9182604,0,underidentified
I04,Employed in the preceding month,4,S02,Distance to corresponding district capital,5,secondary,P50,1.697138367819131,.071245395,8.7528801,13.208539,.50754303,-17.135382,34.64114,49.920944,.17533481,-.34325033,.69391996,0,underidentified
I04,Employed in the preceding month,4,S02,Distance to corresponding district capital,5,secondary,P75,2.278341839854977,.69734776,16.016306,13.144295,.2230345,-9.7460375,41.778648,49.920944,.32083338,-.19522943,.83689624,0,underidentified
I05,Independent worker,5,S02,Distance to corresponding district capital,5,secondary,P25,1.053072171874275,-.62257594,2.2267511,29.603464,.94004023,-55.794971,60.248474,49.80957,.044705283,-1.1201657,1.2095762,0,underidentified
I05,Independent worker,5,S02,Distance to corresponding district capital,5,secondary,P50,1.697138367819131,.071245395,5.1441097,17.083488,.76332617,-28.338913,38.627132,49.80957,.10327552,-.56894511,.77549618,0,underidentified
I05,Independent worker,5,S02,Distance to corresponding district capital,5,secondary,P75,2.278341839854977,.69734776,7.7767253,13.025425,.55047935,-17.752638,33.306087,49.80957,.15612914,-.35641018,.66866845,0,underidentified
I06,Any health insurance,6,S02,Distance to corresponding district capital,5,secondary,P25,1.053072171874275,-.62257594,15.328862,52.105171,.76861209,-86.795395,117.45312,36.06691,.42501181,-2.4065104,3.2565341,0,underidentified
I06,Any health insurance,6,S02,Distance to corresponding district capital,5,secondary,P50,1.697138367819131,.071245395,-9.6374187,24.190578,.69033861,-57.050079,37.775242,36.06691,-.26720944,-1.5817846,1.0473657,0,underidentified
I06,Any health insurance,6,S02,Distance to corresponding district capital,5,secondary,P75,2.278341839854977,.69734776,-32.16692,34.19812,.34690738,-99.194,34.860161,36.06691,-.89186794,-2.7502773,.96654147,0,underidentified
I07,Any listed social program,7,S02,Distance to corresponding district capital,5,secondary,P25,1.053072171874275,-.62257594,50.361839,38.753262,.19375488,-25.593155,126.31683,42.797634,1.1767435,-.59800398,2.9514911,0,underidentified
I07,Any listed social program,7,S02,Distance to corresponding district capital,5,secondary,P50,1.697138367819131,.071245395,25.563047,19.636477,.19297986,-12.92374,64.049835,42.797634,.59730047,-.30197322,1.4965742,0,underidentified
I07,Any listed social program,7,S02,Distance to corresponding district capital,5,secondary,P75,2.278341839854977,.69734776,3.1846883,15.752346,.839782,-27.689342,34.05872,42.797634,.074412718,-.64698303,.79580849,0,underidentified
I08,Juntos participation,8,S02,Distance to corresponding district capital,5,secondary,P25,1.053072171874275,-.62257594,36.955555,28.698114,.19783837,-19.291716,93.202827,36.848801,1.0028971,-.52353716,2.5293314,0,underidentified
I08,Juntos participation,8,S02,Distance to corresponding district capital,5,secondary,P50,1.697138367819131,.071245395,17.471188,14.130324,.21629795,-10.223739,45.166115,36.848801,.47413179,-.27745107,1.2257147,0,underidentified
I08,Juntos participation,8,S02,Distance to corresponding district capital,5,secondary,P75,2.278341839854977,.69734776,-.11145118,12.319527,.99278188,-24.25728,24.034378,36.848801,-.0030245539,-.65829223,.65224314,0,underidentified
I01,Female,1,S03,Baseline CCPP economic development,6,secondary,P25,5.218245010914716,-.53804135,-4.6788836,5.2280946,.37081376,-14.92576,5.5679932,49.92347,-.093721122,-.29897282,.11153057,0,underidentified
I01,Female,1,S03,Baseline CCPP economic development,6,secondary,P50,5.983642852094933,-.018560737,1.2603765,6.9646993,.85639393,-12.390183,14.910936,49.92347,.025246171,-.24818353,.29867586,0,underidentified
I01,Female,1,S03,Baseline CCPP economic development,6,secondary,P75,6.678939482608622,.45334172,6.6556721,11.540977,.5641427,-15.964229,29.275574,49.92347,.1333175,-.31977403,.58640903,0,underidentified
I02,Age 15-29,2,S03,Baseline CCPP economic development,6,secondary,P25,5.218245010914716,-.53804135,-25.274532,13.70759,.065207206,-52.140915,1.59185,45.775349,-.55214286,-1.139061,.034775265,0,underidentified
I02,Age 15-29,2,S03,Baseline CCPP economic development,6,secondary,P50,5.983642852094933,-.018560737,-10.621308,16.55451,.52113551,-43.067551,21.824936,45.775349,-.23203118,-.94084591,.47678357,0,underidentified
I02,Age 15-29,2,S03,Baseline CCPP economic development,6,secondary,P75,6.678939482608622,.45334172,2.6898575,26.578762,.91938913,-49.403557,54.783272,45.775349,.058762137,-1.0792612,1.1967854,0,underidentified
I03,Secondary education or higher,3,S03,Baseline CCPP economic development,6,secondary,P25,5.218245010914716,-.53804135,-13.843551,10.842042,.20165883,-35.093563,7.4064622,49.444603,-.27998102,-.70975518,.14979313,0,underidentified
I03,Secondary education or higher,3,S03,Baseline CCPP economic development,6,secondary,P50,5.983642852094933,-.018560737,-11.718129,20.877611,.5746085,-52.637497,29.201237,49.444603,-.23699512,-1.0645752,.59058493,0,underidentified
I03,Secondary education or higher,3,S03,Baseline CCPP economic development,6,secondary,P75,6.678939482608622,.45334172,-9.7873716,34.110867,.77416724,-76.64344,57.068695,49.444603,-.19794621,-1.5500871,1.1541946,0,underidentified
I04,Employed in the preceding month,4,S03,Baseline CCPP economic development,6,secondary,P25,5.218245010914716,-.53804135,9.1841402,8.6716127,.28955239,-7.8119082,26.180189,49.91423,.18399844,-.15650664,.52450353,0,underidentified
I04,Employed in the preceding month,4,S03,Baseline CCPP economic development,6,secondary,P50,5.983642852094933,-.018560737,22.670176,17.503019,.19524603,-11.635112,56.975464,49.91423,.45418262,-.2331021,1.1414673,0,underidentified
I04,Employed in the preceding month,4,S03,Baseline CCPP economic development,6,secondary,P75,6.678939482608622,.45334172,34.921051,28.932335,.2274358,-21.78528,91.627388,49.91423,.6996212,-.4364543,1.8356967,0,underidentified
I05,Independent worker,5,S03,Baseline CCPP economic development,6,secondary,P25,5.218245010914716,-.53804135,3.7519603,10.530515,.72162032,-16.887468,24.39139,49.795662,.075347133,-.33913535,.4898296,0,underidentified
I05,Independent worker,5,S03,Baseline CCPP economic development,6,secondary,P50,5.983642852094933,-.018560737,15.65766,19.80616,.42920956,-23.161699,54.47702,49.795662,.31443825,-.46513489,1.0940113,0,underidentified
I05,Independent worker,5,S03,Baseline CCPP economic development,6,secondary,P75,6.678939482608622,.45334172,26.472942,32.208561,.41112098,-36.654675,89.600555,49.795662,.53163147,-.73610175,1.7993647,0,underidentified
I06,Any health insurance,6,S03,Baseline CCPP economic development,6,secondary,P25,5.218245010914716,-.53804135,-12.423141,20.104715,.53662694,-51.82766,26.981377,35.882141,-.34622073,-1.444386,.75194448,0,underidentified
I06,Any health insurance,6,S03,Baseline CCPP economic development,6,secondary,P50,5.983642852094933,-.018560737,-30.311625,39.469505,.44250157,-107.67043,47.047184,35.882141,-.84475523,-3.0006692,1.3111588,0,underidentified
I06,Any health insurance,6,S03,Baseline CCPP economic development,6,secondary,P75,6.678939482608622,.45334172,-46.561737,63.60379,.46413246,-171.22289,78.099403,35.882141,-1.29763,-4.7718134,2.1765537,0,underidentified
I07,Any listed social program,7,S03,Baseline CCPP economic development,6,secondary,P25,5.218245010914716,-.53804135,14.678602,12.330309,.23387001,-9.4883595,38.845566,42.828854,.34272695,-.22154129,.90699518,0,underidentified
I07,Any listed social program,7,S03,Baseline CCPP economic development,6,secondary,P50,5.983642852094933,-.018560737,4.5325117,16.04088,.7775141,-26.907036,35.972057,42.828854,.10582846,-.62824547,.8399024,0,underidentified
I07,Any listed social program,7,S03,Baseline CCPP economic development,6,secondary,P75,6.678939482608622,.45334172,-4.6843195,23.69046,.84325618,-51.116768,41.748131,42.828854,-.10937297,-1.1935123,.97476643,0,underidentified
I08,Juntos participation,8,S03,Baseline CCPP economic development,6,secondary,P25,5.218245010914716,-.53804135,8.5214605,7.1977439,.23644981,-5.5858579,22.628778,36.959873,.23055978,-.15113303,.61225259,0,underidentified
I08,Juntos participation,8,S03,Baseline CCPP economic development,6,secondary,P50,5.983642852094933,-.018560737,3.4240386,11.561693,.76711267,-19.236464,26.084541,36.959873,.092642054,-.52046883,.70575297,0,underidentified
I08,Juntos participation,8,S03,Baseline CCPP economic development,6,secondary,P75,6.678939482608622,.45334172,-1.2065207,17.983059,.94650841,-36.452667,34.039627,36.959873,-.032644071,-.98627681,.92098868,0,underidentified
I01,Female,1,S04,Respondent age,7,secondary,P25,23,-.85406452,-14.793937,12.243838,.22694111,-38.79142,9.2035465,49.92347,-.2963323,-.77701771,.1843531,1,pass
I01,Female,1,S04,Respondent age,7,secondary,P50,36,-.16160761,-7.713449,8.5839291,.36887005,-24.53764,9.1107416,49.92347,-.15450546,-.49150509,.18249416,1,pass
I01,Female,1,S04,Respondent age,7,secondary,P75,52,.69064707,1.0009969,4.9952888,.84117699,-8.7895899,10.791584,49.92347,.02005063,-.17606127,.21616253,1,pass
I02,Age 15-29,2,S04,Respondent age,7,secondary,P25,23,-.85406452,-26.84569,13.103961,.040494401,-52.52898,-1.1623992,45.775349,-.58646607,-1.1475385,-.025393561,1,pass
I02,Age 15-29,2,S04,Respondent age,7,secondary,P50,36,-.16160761,-16.478802,8.3598728,.048703462,-32.86385,-.09375187,45.775349,-.35999289,-.71793771,-.0020480864,1,pass
I02,Age 15-29,2,S04,Respondent age,7,secondary,P75,52,.69064707,-3.7195535,6.3482513,.55793071,-16.161898,8.7227898,45.775349,-.081256688,-.35306987,.19055648,1,pass
I03,Secondary education or higher,3,S04,Respondent age,7,secondary,P25,23,-.85406452,-16.698963,16.744482,.31862786,-49.517544,16.119619,49.444603,-.33773074,-1.0014752,.32601371,1,pass
I03,Secondary education or higher,3,S04,Respondent age,7,secondary,P50,36,-.16160761,-8.8716841,13.439775,.50918543,-35.213161,17.469791,49.444603,-.17942674,-.712174,.35332048,1,pass
I03,Secondary education or higher,3,S04,Respondent age,7,secondary,P75,52,.69064707,.76188987,11.923663,.94905198,-22.608061,24.13184,49.444603,.015408959,-.45724019,.48805812,1,pass
I04,Employed in the preceding month,4,S04,Respondent age,7,secondary,P25,23,-.85406452,19.207478,15.145842,.20473783,-10.477826,48.89278,49.91423,.38480964,-.20991662,.97953588,1,pass
I04,Employed in the preceding month,4,S04,Respondent age,7,secondary,P50,36,-.16160761,11.701311,11.540227,.31060255,-10.917118,34.31974,49.91423,.23442836,-.21871755,.68757427,1,pass
I04,Employed in the preceding month,4,S04,Respondent age,7,secondary,P75,52,.69064707,2.4629531,11.181593,.82566202,-19.452568,24.378473,49.91423,.049343705,-.38971987,.48840728,1,pass
I05,Independent worker,5,S04,Respondent age,7,secondary,P25,23,-.85406452,2.6784983,16.308945,.86954623,-29.286448,34.643444,49.795662,.053789791,-.5881325,.69571209,1,pass
I05,Independent worker,5,S04,Respondent age,7,secondary,P50,36,-.16160761,1.1379087,13.207267,.93134099,-24.74786,27.023676,49.795662,.022851564,-.49698827,.54269141,1,pass
I05,Independent worker,5,S04,Respondent age,7,secondary,P75,52,.69064707,-.75820142,12.206884,.95047313,-24.683254,23.166851,49.795662,-.015226254,-.49569085,.46523833,1,pass
I06,Any health insurance,6,S04,Respondent age,7,secondary,P25,23,-.85406452,-13.040388,21.690929,.54771292,-55.553829,29.473053,35.882141,-.36342281,-1.5482306,.82138509,1,pass
I06,Any health insurance,6,S04,Respondent age,7,secondary,P50,36,-.16160761,-16.507566,21.253569,.43733802,-58.163799,25.148664,35.882141,-.46004969,-1.620968,.70086855,1,pass
I06,Any health insurance,6,S04,Respondent age,7,secondary,P75,52,.69064707,-20.774864,25.11064,.40804824,-69.990814,28.441084,35.882141,-.57897508,-1.9505752,.79262513,1,pass
I07,Any listed social program,7,S04,Respondent age,7,secondary,P25,23,-.85406452,16.177944,7.9868035,.042807404,.52409631,31.831791,42.828854,.37773469,.012236991,.74323237,1,pass
I07,Any listed social program,7,S04,Respondent age,7,secondary,P50,36,-.16160761,11.500566,9.3935804,.22083883,-6.9105124,29.911646,42.828854,.26852378,-.16135179,.69839936,1,pass
I07,Any listed social program,7,S04,Respondent age,7,secondary,P75,52,.69064707,5.7437944,15.529175,.71147847,-24.692829,36.180416,42.828854,.13411039,-.57654655,.84476733,1,pass
I08,Juntos participation,8,S04,Respondent age,7,secondary,P25,23,-.85406452,12.712951,8.2427111,.12299433,-3.4424672,28.868368,36.959873,.34396628,-.093140662,.78107321,1,pass
I08,Juntos participation,8,S04,Respondent age,7,secondary,P50,36,-.16160761,8.7037773,7.1648564,.22444722,-5.3390841,22.746637,36.959873,.2354926,-.14445622,.61544144,1,pass
I08,Juntos participation,8,S04,Respondent age,7,secondary,P75,52,.69064707,3.7694092,7.2579069,.60351521,-10.455827,17.994646,36.959873,.10198653,-.28289673,.48686975,1,pass
I01,Female,1,S05,CCPP altitude,8,secondary,P25,2995,-.22627363,-11.590356,32.145325,.71842754,-74.594032,51.413322,49.918179,-.23218708,-1.4943261,1.0299519,0,underidentified
I01,Female,1,S05,CCPP altitude,8,secondary,P50,3373,.22816096,-.41366383,7.6594567,.95692962,-15.425923,14.598596,49.918179,-.0082868375,-.30902418,.29245049,0,underidentified
I01,Female,1,S05,CCPP altitude,8,secondary,P75,3689,.60805869,8.9298143,28.820066,.75667721,-47.556477,65.416107,49.918179,.17888902,-.95268857,1.3104666,0,underidentified
I02,Age 15-29,2,S05,CCPP altitude,8,secondary,P25,2995,-.22627363,-62.550152,71.152359,.37934619,-202.00621,76.905907,45.603096,-1.3716208,-4.4296603,1.6864187,0,underidentified
I02,Age 15-29,2,S05,CCPP altitude,8,secondary,P50,3373,.22816096,-21.384703,16.166121,.18589862,-53.069717,10.30031,45.603096,-.46893096,-1.1637306,.22586866,0,underidentified
I02,Age 15-29,2,S05,CCPP altitude,8,secondary,P75,3689,.60805869,13.02874,64.697571,.84040213,-113.77616,139.83365,45.603096,.28569859,-2.4949219,3.0663192,0,underidentified
I03,Secondary education or higher,3,S05,CCPP altitude,8,secondary,P25,2995,-.22627363,-58.62701,96.038979,.54156363,-246.85994,129.60593,49.384804,-1.1871468,-4.9987025,2.624409,0,underidentified
I03,Secondary education or higher,3,S05,CCPP altitude,8,secondary,P50,3373,.22816096,-8.2969542,23.200113,.72062349,-53.768341,37.174431,49.384804,-.16800621,-1.0887629,.7527504,0,underidentified
I03,Secondary education or higher,3,S05,CCPP altitude,8,secondary,P75,3689,.60805869,33.777908,96.203888,.72550768,-154.77824,222.33406,49.384804,.68397373,-3.1341271,4.5020742,0,underidentified
I04,Employed in the preceding month,4,S05,CCPP altitude,8,secondary,P25,2995,-.22627363,6.7113018,33.977497,.84341908,-59.883369,73.305969,49.920944,.1344386,-1.199564,1.4684412,0,underidentified
I04,Employed in the preceding month,4,S05,CCPP altitude,8,secondary,P50,3373,.22816096,8.2857933,9.7837706,.39705557,-10.890045,27.461632,49.920944,.1659783,-.21814582,.55010241,0,underidentified
I04,Employed in the preceding month,4,S05,CCPP altitude,8,secondary,P75,3689,.60805869,9.6020346,35.377728,.78607213,-59.737038,78.941109,49.920944,.19234481,-1.1966327,1.5813224,0,underidentified
I05,Independent worker,5,S05,CCPP altitude,8,secondary,P25,2995,-.22627363,19.437912,52.228207,.7097643,-82.92749,121.80331,49.80957,.39024451,-1.6648906,2.4453797,0,underidentified
I05,Independent worker,5,S05,CCPP altitude,8,secondary,P50,3373,.22816096,1.2048897,14.601022,.93423247,-27.412586,29.822367,49.80957,.024189921,-.55034775,.59872758,0,underidentified
I05,Independent worker,5,S05,CCPP altitude,8,secondary,P75,3689,.60805869,-14.037531,52.100609,.78759784,-116.15285,88.077789,49.80957,-.28182396,-2.3319383,1.7682904,0,underidentified
I06,Any health insurance,6,S05,CCPP altitude,8,secondary,P25,2995,-.22627363,-62.759644,119.3748,.59907156,-296.72995,171.21066,36.06691,-1.7400893,-8.2272081,4.7470293,0,underidentified
I06,Any health insurance,6,S05,CCPP altitude,8,secondary,P50,3373,.22816096,-5.9094949,27.583591,.83036029,-59.972343,48.153351,36.06691,-.1638481,-1.6628079,1.3351117,0,underidentified
I06,Any health insurance,6,S05,CCPP altitude,8,secondary,P75,3689,.60805869,41.616024,118.69199,.72587192,-191.01601,274.24805,36.06691,1.1538562,-5.2961569,7.603869,0,underidentified
I07,Any listed social program,7,S05,CCPP altitude,8,secondary,P25,2995,-.22627363,7.7752285,16.068213,.62846476,-23.717888,39.268345,42.797634,.18167426,-.55418688,.91753542,0,underidentified
I07,Any listed social program,7,S05,CCPP altitude,8,secondary,P50,3373,.22816096,15.271499,9.3754196,.10333697,-3.1039867,33.646984,42.797634,.35683045,-.072527066,.78618795,0,underidentified
I07,Any listed social program,7,S05,CCPP altitude,8,secondary,P75,3689,.60805869,21.538221,21.342472,.31289223,-20.292255,63.368698,42.797634,.50325727,-.47414431,1.4806589,0,underidentified
I08,Juntos participation,8,S05,CCPP altitude,8,secondary,P25,2995,-.22627363,13.760485,19.146482,.47232875,-23.765932,51.286903,36.848801,.37343103,-.64495814,1.3918202,0,underidentified
I08,Juntos participation,8,S05,CCPP altitude,8,secondary,P50,3373,.22816096,8.7419672,6.9674606,.20959322,-4.9140053,22.39794,36.848801,.23723885,-.13335592,.60783362,0,underidentified
I08,Juntos participation,8,S05,CCPP altitude,8,secondary,P75,3689,.60805869,4.5465922,22.078074,.83684367,-38.725636,47.818821,36.848801,.12338509,-1.0509335,1.2977036,0,underidentified
