storage,path,bytes,sha256
dropbox_raw,$raw_root/6 ONPE/MUNICIPAL DISTRITAL 2002/ERM2002_Autoridades_Distrital.xlsx,755202,00304b6dff0e515daa7237f012bd5445d81ce50adf50cae9b7ebf37092db841b
dropbox_raw,$raw_root/6 ONPE/MUNICIPAL DISTRITAL 2002/ERM2002_Candidatos_Distrital.xlsx,5465587,65230537fca9b12b64c4b989059ca5dcddc5336caac027ae0e7dc71c66b75263
dropbox_raw,$raw_root/6 ONPE/MUNICIPAL DISTRITAL 2002/ERM2002_FPL_Distrital.xlsx,130292,083ef6eb9a6d8ade9e3cce72f2d02e8b6a63c6aa813901c86d632ce0b9d508ba
dropbox_raw,$raw_root/6 ONPE/MUNICIPAL DISTRITAL 2002/ERM2002_ISP_Distrital.xlsx,151690,e7b1b9451dfa01fe862780900e69695ae64369c98acab58211ec2cd81f0b984b
dropbox_raw,$raw_root/6 ONPE/MUNICIPAL DISTRITAL 2002/ERM2002_Padron_Distrital.xlsx,179603,e84bb312bab17d873886c86d8fed9cb760fb6175e17fe97749568391b180c71c
dropbox_raw,$raw_root/6 ONPE/MUNICIPAL DISTRITAL 2002/ERM2002_Resultados_Distrital.xlsx,1048062,f67239e8b46efdcee46e57c76870284bb84319776847c7552ac5b3f6d9549aa1
dropbox_raw,$raw_root/6 ONPE/MUNICIPAL DISTRITAL 2006/ERM2006_Autoridades_Distrital.xlsx,751417,00e0301d38e3de18b18c014a0386d0b3cc9025d6fef5be88c80625964e4a5961
dropbox_raw,$raw_root/6 ONPE/MUNICIPAL DISTRITAL 2006/ERM2006_Candidatos_Distrital.xlsx,4678641,4bbc54847ea4da515934ac363bb53862507fb3012d2ffd9e275a7378cbc913f0
dropbox_raw,$raw_root/6 ONPE/MUNICIPAL DISTRITAL 2006/ERM2006_FPL_Distrital.xlsx,127939,a6a0e1ec697360eec20914739a93e549b2ca096b10c90f1df104e9b91263c2b5
dropbox_raw,$raw_root/6 ONPE/MUNICIPAL DISTRITAL 2006/ERM2006_ISP_Distrital.xlsx,164182,2007c1c95e02ab03a8ad1708559d3239218067e99f4c6882d8f794e91a0bd829
dropbox_raw,$raw_root/6 ONPE/MUNICIPAL DISTRITAL 2006/ERM2006_Padron_Distrital.xlsx,179268,1ffacaaa423481c8ced98d57c4503bacf77c624f6bb473e9ac33137f1473c116
dropbox_raw,$raw_root/6 ONPE/MUNICIPAL DISTRITAL 2006/ERM2006_Resultados_Distrital.xlsx,905576,f439009ec9dba71ed970ad3ce2ee2caa829a0abbf2c47805f23ed5ae3879cd0a
dropbox_raw,$raw_root/6 ONPE/MUNICIPAL PROVINCIAL 2002/ERM2002_Autoridades_Provincial.xlsx,145344,b4371db15fd84d7a476b93cf06a03a139ac02b231b448c8659e6ca8bf82697df
dropbox_raw,$raw_root/6 ONPE/MUNICIPAL PROVINCIAL 2002/ERM2002_Candidatos_Provincial.xlsx,1107979,dbd096b0ee724300be1860820c81b2451a03073a72a61c2854a98cec46264b6f
dropbox_raw,$raw_root/6 ONPE/MUNICIPAL PROVINCIAL 2002/ERM2002_FPL_Provincial.xlsx,23222,909a0248a1903fcf5a090f8c62f82f622a6de4d1bf0f9a36e1ae1187fe1cba2e
dropbox_raw,$raw_root/6 ONPE/MUNICIPAL PROVINCIAL 2002/ERM2002_ISP_Provincial.xlsx,29081,d484de31dbe346cd580fac74bd58d02b44835ec6e56f9b1e833c0ac47932dffd
dropbox_raw,$raw_root/6 ONPE/MUNICIPAL PROVINCIAL 2002/ERM2002_Padron_Provincial.xlsx,199221,978f9cb77c293d0620074241c97b610ff9cf4d81031e3765e1fdc3df0c608ed5
dropbox_raw,$raw_root/6 ONPE/MUNICIPAL PROVINCIAL 2002/ERM2002_Resultados_Provincial.xlsx,146350,634aef01faff06d701ede4953862174ec6c86854bc1cf9490dad0e9a000d9395
dropbox_raw,$raw_root/6 ONPE/MUNICIPAL PROVINCIAL 2006/ERM2006_Autoridades_Provincial.xlsx,146572,c7c66e2cf092d2b4c25767daa7071b7b406bccffb185de979f432cbe99127905
dropbox_raw,$raw_root/6 ONPE/MUNICIPAL PROVINCIAL 2006/ERM2006_Candidatos_Provincial.xlsx,1052824,cbb19138efd6c013c1a42839a0973ff7985db500c1287c6189ed7150b7cd8b36
dropbox_raw,$raw_root/6 ONPE/MUNICIPAL PROVINCIAL 2006/ERM2006_FPL_Provincial.xlsx,24595,89f3afb854532bfb13c39624803120e710268947cf4958231f43e289a5e9e1fb
dropbox_raw,$raw_root/6 ONPE/MUNICIPAL PROVINCIAL 2006/ERM2006_ISP_Provincial.xlsx,30685,06b5a2085a16d545815b28d7d00f8ade899cd3a6d3ccdc2d0c826064a30f855f
dropbox_raw,$raw_root/6 ONPE/MUNICIPAL PROVINCIAL 2006/ERM2006_Padron_Provincial.xlsx,198983,0f6463039833bea8dd1d47a2389942644ec4599153a6d79d6b5f56e613196da4
dropbox_raw,$raw_root/6 ONPE/MUNICIPAL PROVINCIAL 2006/ERM2006_Resultados_Provincial.xlsx,134960,a1ae6b35c9d3cc2142c2b77cdcfe09250a395caf2257f0f9116993fbf9c232ea
dropbox_raw,$raw_root/6 ONPE/Official municipal electoral sources 1998-2006/05_2002_municipal_district/ERM2002_Municipal_Distrital.csv,53101551,fda3a72077498996b5dde51ea07e7a5b329fe4f731cbaf7a451d809b98eebfa3
dropbox_raw,$raw_root/6 ONPE/Official municipal electoral sources 1998-2006/06_2002_municipal_provincial/ERM2002_Municipal_Provincial.csv,101559365,b484e6f47644390f852c9c6a17e9043e011eb4b76c1b9001ffc3d8d9bbdaa4bc
dropbox_raw,$raw_root/6 ONPE/Official municipal electoral sources 1998-2006/13_2006_municipal_district/ERM2006_Municipal_Distrital.zip,5302553,d7fbe86e3ceba8dc7bc47d13b7eba652b4702c45c4275b3defb9c855bc5afc38
dropbox_raw,$raw_root/6 ONPE/Official municipal electoral sources 1998-2006/14_2006_municipal_provincial/ERM2006_Municipal_Provincial.zip,7383018,84895487d3d8499922269c39f0ab289150afc5eeba27754ea1b138aeed10a5e6
dropbox_raw,$raw_root/6 ONPE/Official municipal electoral sources 1998-2006/17_reniec_inei_ubigeo_crosswalk/TB_UBIGEOS.csv,239590,8505f10edcf0785a354b3555c92f07100fb4792cf8f4c43e285709a23f8e3e33
dropbox_raw,$raw_root/6 ONPE/Resultados por mesa  de las EMC2003 Distrital.csv,192452,739c92ce0ed3a7fe12d0eced8b50b8d8a110f89f89ec86395bee5fa0788d7469
dropbox_raw,$raw_root/6 ONPE/Resultados por mesa EMC2007.csv,257202,c4a6795c328d4e892e71b5ea2cb3b9564931d5e12f795a9f1b36ab38b252c085
dropbox_working_prerequisite,$staging_root/official_elections_1998_2006/13_2006_municipal_district/ERM2006_Municipal_Distrital.csv,103788513,f88334f9b93db0fcbbb1f4f615003f57ff346d9fd3bd0889f0193a82ef4c7695
dropbox_working_prerequisite,$staging_root/official_elections_1998_2006/14_2006_municipal_provincial/ERM2006_Municipal_Provincial.csv,157364795,4ed13c51c22c986771ff332519b1b122065b2848d4bfafd11e4fb9045bc9efa7
